title_th,title_en,level,ps_position_code,min_education_level,min_experience_months,keywords,responsibilities,qualifications
เจ้าหน้าที่จัดเตรียมสินค้าและจัดส่ง,Credit & Delivery Order Picker,Staff,CREDIT_DELIVERY_ORDER_PICKER,1,0,credit|delivery|order|picker,"• จัดเตรียมและรวบรวมสินค้าจากคลังสินค้าตามคำสั่งซื้อของลูกค้าสินเชื่อและจัดส่ง

• ตรวจสอบความถูกต้องของรายการสินค้าและปริมาณก่อนการนำส่ง

• จัดเรียงสินค้าลงรถเข็นหรือพาเลทอย่างเป็นระเบียบและปลอดภัย

• อำนวยความสะดวกในการลำเลียงสินค้าขึ้นยานพาหนะของลูกค้าหรือรถขนส่ง

• ดำเนินการเบิกจ่ายสินค้าให้รวดเร็วและแม่นยำเพื่อลดข้อผิดพลาด

• ประสานงานกับพนักงานขับรถยก (Forklift) ในการนำสินค้าลงจากชั้นวาง

• ปฏิบัติตามมาตรฐานความปลอดภัยในการทำงานอย่างเคร่งครัด","• มัธยมศึกษาตอนปลาย หรือเทียบเท่าขึ้นไป

• มีประสบการณ์ด้านการจัดเรียงสินค้าหรือคลังสินค้าจะพิจารณาเป็นพิเศษ

• มีสภาพร่างกายแข็งแรง และสามารถทำงานเป็นทีมได้ดี

• มีความรับผิดชอบ ซื่อสัตย์ และทุ่มเทในการทำงาน"
ผู้จัดการกลุ่มลูกค้ารายสำคัญ,Key Account Manager,Manager,KEY_ACCOUNT_MANAGER,3,36,key|account,"• วิเคราะห์ผลประกอบการและแนวโน้มการซื้อของลูกค้ารายสำคัญ (Key Accounts)

• พัฒนากลยุทธ์และวางแผนกิจกรรมส่งเสริมการขายร่วมกับฝ่ายพาณิชย์

• ศึกษาความเคลื่อนไหวของคู่แข่งและปรับกลยุทธ์การตลาดให้เหมาะสม

• สร้างและรักษาความสัมพันธ์ทางธุรกิจระดับองค์กรกับลูกค้ารายสำคัญ

• ตอบสนองความคาดหวังของลูกค้าและแก้ไขปัญหาเชิงธุรกิจอย่างทันท่วงที

• ขับเคลื่อนยอดขายและกำไรผ่านการบริหารความสัมพันธ์ที่ยั่งยืน

• คาดการณ์แนวโน้มตลาดและวางแผนรองรับความต้องการของลูกค้าล่วงหน้า","• ปริญญาตรี สาขาบริหารธุรกิจ การตลาด หรือสาขาที่เกี่ยวข้อง

• มีประสบการณ์บริหารลูกค้ารายสำคัญ 3-4 ปี ในองค์กรระดับนานาชาติ

• มีทักษะการเจรจาต่อรอง การสื่อสาร และการนำเสนอระดับสูง

• มีทักษะการวิเคราะห์ข้อมูลเชิงลึกและสามารถทำงานข้ามสายงานได้"
ผู้จัดการฝ่ายอาหารสด,Fresh Manager,Manager,FRESH_MANAGER,3,48,fresh,"• บริหารจัดการฝ่ายปฏิบัติการอาหารสดทั้งหมดเพื่อบรรลุเป้าหมายยอดขายและผลกำไร

• ควบคุมระดับสินค้าคงคลัง อัตราการสูญเสีย และค่าใช้จ่ายในการดำเนินงาน

• กำกับดูแลมาตรฐานสุขอนามัย ความปลอดภัย และคุณภาพสินค้า (GMP)

• พัฒนาศักยภาพ ประเมินผล และบริหารจัดการทีมงานหัวหน้าแผนกอาหารสด

• รับผิดชอบภาพรวมกำไรขาดทุน (P&L) และผลประกอบการของฝ่ายอาหารสด

• บริหารจัดการระบบหมุนเวียนสินค้า (FIFO) เพื่อรักษาความสดใหม่ของผลิตภัณฑ์

• สร้างความพึงพอใจสูงสุดให้แก่ลูกค้าผ่านคุณภาพสินค้าและการบริการ","• ปริญญาตรี สาขาวิทยาศาสตร์การอาหาร เทคโนโลยีการอาหาร หรือสาขาที่เกี่ยวข้อง

• มีประสบการณ์บริหารงานแผนกอาหารสดในธุรกิจค้าปลีกหรือซูเปอร์มาร์เก็ต 4 ปีขึ้นไป

• มีภาวะผู้นำ ทักษะการวิเคราะห์ข้อมูล และสามารถทำงานภายใต้ความกดดันได้

• มีความรู้ความเชี่ยวชาญด้านมาตรฐานอาหารปลอดภัยและสุขอนามัย"
ผู้จัดการแผนกเนื้อสัตว์,Butchery Manager,Manager,BUTCHERY_MANAGER,1,24,butchery,"• บริหารจัดการแผนกเนื้อสัตว์เพื่อให้บรรลุเป้าหมายทางธุรกิจและผลกำไรที่กำหนด

• ควบคุมกระบวนการสั่งซื้อ การจัดเตรียม และการตัดแต่งเนื้อสัตว์ตามมาตรฐาน

• ดูแลคุณภาพ ความสดใหม่ และมาตรฐานสุขอนามัยของสินค้าและพื้นที่ปฏิบัติงาน

• บริหารจัดการทีมงาน ควบคุมยอดสูญเสีย และจัดทำรายงานผลการดำเนินงาน

• ควบคุมการแปรสภาพสินค้า (Mutation) และบริหารจัดการสต็อกอย่างมีประสิทธิภาพ

• บำรุงรักษาเครื่องมือและอุปกรณ์ตัดแต่งเนื้อสัตว์ให้มีความปลอดภัยและถูกสุขอนามัย

• ประสานงานกับฝ่ายจัดซื้อเพื่อวางแผนการสั่งสินค้าให้สอดคล้องกับความต้องการ","• มัธยมศึกษาตอนปลาย หรือเทียบเท่า (หากมีวุฒิสูงกว่าจะพิจารณาเป็นพิเศษ)

• มีประสบการณ์ระดับหัวหน้างานแผนกเนื้อสัตว์อย่างน้อย 2 ปี

• มีทักษะและความเชี่ยวชาญด้านการตัดแต่งเนื้อสัตว์ (Butchery Skills)

• มีความเป็นผู้นำ และสามารถปฏิบัติงานในสภาพแวดล้อมที่มีอุณหภูมิต่ำได้"
หัวหน้าแผนกเนื้อสัตว์,Butchery Supervisor,Supervisor,BUTCHERY_SUPERVISOR,1,12,butchery,"• สนับสนุนผู้จัดการแผนกในการควบคุมดูแลการปฏิบัติงานประจำวันของแผนกเนื้อสัตว์

• ควบคุมคุณภาพ การจัดเรียงสินค้า และการเติมสินค้าบนชั้นวางให้เป็นไปตามมาตรฐาน

• กำกับดูแลและสอนงานพนักงานในการตัดแต่งเนื้อสัตว์และการให้บริการลูกค้า

• ตรวจสอบสินค้าคงคลัง ดูแลการหมุนเวียนสินค้า (FIFO) และลดอัตราการสูญเสีย

• ควบคุมการดำเนินงานให้เป็นไปตามมาตรฐานความปลอดภัยทางอาหาร (Food Safety)

• ประสานงานด้านการสั่งซื้อสินค้าประจำวันและสนับสนุนกิจกรรมส่งเสริมการขาย

• ดูแลความสะอาดของอุปกรณ์และพื้นที่ปฏิบัติงานตามมาตรฐาน GMP","• มัธยมศึกษาตอนปลาย หรือเทียบเท่าขึ้นไป

• มีความรู้ความสามารถในการประเมินคุณภาพและความสดของเนื้อสัตว์

• มีความละเอียดรอบคอบ ทักษะการทำงานเป็นทีม และภาวะผู้นำ

• สามารถปฏิบัติงานเป็นกะและทำงานในห้องเย็นได้"
พนักงานประจำแผนกเนื้อสัตว์,Butchery Staff,Staff,BUTCHERY_STAFF,1,0,butchery,"• ปฏิบัติงานตัดแต่ง หั่น และเตรียมเนื้อสัตว์ตามมาตรฐานและตามความต้องการของลูกค้า

• จัดเรียงสินค้าลงตู้แช่ให้สวยงาม เป็นระเบียบ และดำเนินการหมุนเวียนสินค้า (FIFO)

• รักษาความสะอาดของพื้นที่ปฏิบัติงาน เครื่องมือ และอุปกรณ์ตามมาตรฐานสุขอนามัย

• ให้บริการและคำแนะนำแก่ลูกค้าที่มาใช้บริการ ณ จุดขาย

• สวมใส่อุปกรณ์ป้องกันภัยส่วนบุคคล (PPE) อย่างเคร่งครัดขณะปฏิบัติงาน

• คัดแยกสินค้าที่ไม่ได้มาตรฐานออกจากพื้นที่ขายเพื่อรักษาคุณภาพ

• ตรวจสอบความถูกต้องของป้ายราคาสินค้าให้ตรงกับผลิตภัณฑ์","• มัธยมศึกษาตอนปลาย หรือเทียบเท่า

• มีความสนใจและพร้อมเรียนรู้ทักษะการจัดการเนื้อสัตว์

• มีสภาพร่างกายแข็งแรง และสามารถทำงานในสภาพแวดล้อมที่มีอุณหภูมิต่ำได้

• มีความรับผิดชอบ รักความสะอาด และมีใจรักงานบริการ"
ผู้จัดการแผนกอาหารทะเล,Fish & Seafood Manager,Manager,FISH_SEAFOOD_MANAGER,1,24,fish|seafood,"• บริหารจัดการแผนกอาหารทะเลเพื่อให้บรรลุเป้าหมายด้านยอดขายและผลกำไร

• กำกับดูแลคุณภาพ ความสดใหม่ และความปลอดภัยของสินค้าอาหารทะเล

• ควบคุมกระบวนการสั่งซื้อ การจัดเตรียมสินค้า และการบริหารสต็อกให้มีประสิทธิภาพ

• บริหารจัดการทีมงาน ดูแลมาตรฐานสุขอนามัย และควบคุมอัตราการสูญเสีย

• ควบคุมมาตรฐานการรับสินค้าและตัวชี้วัดความสด (สี, กลิ่น, ลักษณะทางกายภาพ)

• บำรุงรักษาอุปกรณ์เครื่องชั่งและเครื่องมือเตรียมอาหารให้อยู่ในสภาพสมบูรณ์

• วางแผนการสั่งซื้อร่วมกับฝ่ายจัดซื้อเพื่อตอบสนองความต้องการของตลาด","• มัธยมศึกษาตอนปลาย หรือเทียบเท่า (หากมีประสบการณ์สูงจะพิจารณาเป็นพิเศษ)

• มีประสบการณ์ระดับหัวหน้างานแผนกอาหารทะเลอย่างน้อย 2 ปี

• มีความรู้ความเข้าใจในสินค้าอาหารทะเลสดและแช่แข็งเป็นอย่างดี

• มีภาวะผู้นำ ทักษะการบริหารจัดการ และสามารถทำงานในพื้นที่เย็น/เปียกชื้นได้"
หัวหน้าแผนกอาหารทะเล,Fish & Seafood Supervisor,Supervisor,FISH_SEAFOOD_SUPERVISOR,1,12,fish|seafood,"• ผู้ช่วยผู้จัดการแผนกในการกำกับดูแลการปฏิบัติงานประจำวันของแผนกอาหารทะเล

• ควบคุมการจัดเรียงสินค้า การเติมน้ำแข็ง และการนำเสนอสินค้าให้ได้มาตรฐาน

• กำกับดูแลพนักงานในการทำความสะอาด ตัดแต่ง และให้บริการลูกค้า

• ตรวจสอบสินค้าคงคลัง ดูแลระบบหมุนเวียนสินค้า (FIFO) และควบคุมการสูญเสีย

• ควบคุมดูแลความสะอาดและกำจัดกลิ่นไม่พึงประสงค์ในพื้นที่ปฏิบัติงานอย่างเคร่งครัด

• ประสานงานการตรวจนับสต็อกและตรวจสอบความถูกต้องของระบบจัดเก็บข้อมูล

• ให้คำแนะนำในการเลือกซื้อและให้บริการเตรียมสินค้าตามความต้องการของลูกค้า","• มัธยมศึกษาตอนปลาย หรือเทียบเท่าขึ้นไป

• มีประสบการณ์และความคุ้นเคยกับผลิตภัณฑ์อาหารทะเล

• มีความละเอียดรอบคอบ ทักษะการสื่อสาร และการทำงานเป็นทีม

• สามารถปฏิบัติงานในสภาพแวดล้อมที่มีอุณหภูมิต่ำและเปียกชื้นได้"
พนักงานประจำแผนกอาหารทะเล,Fish & Seafood Staff,Staff,FISH_SEAFOOD_STAFF,1,0,fish|seafood,"• ปฏิบัติหน้าที่เตรียมสินค้าอาหารทะเล (เช่น ขอดเกล็ด แล่ ตัดแต่ง) ตามความต้องการของลูกค้า

• จัดเรียงผลิตภัณฑ์อาหารทะเลและควบคุมอุณหภูมิโดยการเติมน้ำแข็งอย่างสม่ำเสมอ

• ดูแลรักษาความสะอาดของพื้นที่ปฏิบัติงานและกำจัดกลิ่นคาวตามมาตรฐาน GMP

• ตรวจสอบคุณภาพสินค้าและคัดแยกผลิตภัณฑ์ที่เสื่อมสภาพออกจากพื้นที่ขาย

• ให้บริการลูกค้า ณ จุดขายด้วยความรวดเร็วและสุภาพ

• บำรุงรักษาเครื่องมือและอุปกรณ์มีดให้มีความปลอดภัยและพร้อมใช้งาน

• ตรวจสอบความถูกต้องของป้ายราคาและป้ายข้อมูลสินค้า","• มัธยมศึกษาตอนปลาย หรือเทียบเท่า

• มีใจรักงานบริการและใส่ใจในมาตรฐานสุขอนามัย

• สามารถปฏิบัติงานในพื้นที่เปียกชื้นและมีอุณหภูมิต่ำได้

• มีความรับผิดชอบและสามารถทำงานร่วมกับผู้อื่นได้ดี"
ผู้จัดการแผนกผักและผลไม้,"Fruit, Veg & Spice Manager",Manager,FRUIT_VEG_SPICE_MANAGER,1,24,fruit|veg|spice,"• บริหารจัดการแผนกผัก ผลไม้ และเครื่องเทศ เพื่อสร้างผลประกอบการและกำไรตามเป้าหมาย

• ควบคุมการบริหารสินค้าคงคลังเพื่อลดอัตราการเน่าเสียและสินค้าชำรุดให้มีประสิทธิภาพสูงสุด

• กำกับดูแลมาตรฐานการจัดเรียงสินค้า (Plan-o-gram) และคุณภาพความสดใหม่ของผลิตภัณฑ์

• ประสานงานกับฝ่ายจัดซื้อส่วนกลางและผู้จัดจำหน่ายระดับท้องถิ่นเพื่อสรรหาวัตถุดิบ

• วางแผนกลยุทธ์การสั่งซื้อและบริหารสต็อกให้สอดคล้องกับฤดูกาลและเทศกาล

• ตรวจสอบตัวชี้วัดคุณภาพสินค้า (Physical Appearance, สี, กลิ่น) อย่างเคร่งครัด

• บริหารจัดการทีมงานให้ปฏิบัติตามมาตรฐานด้านสุขอนามัยและความปลอดภัยทางอาหาร","• มัธยมศึกษาตอนปลาย หรือเทียบเท่า (หากมีประสบการณ์บริหารจัดการซูเปอร์มาร์เก็ตจะพิจารณาเป็นพิเศษ)

• มีประสบการณ์ระดับหัวหน้างานแผนกผักและผลไม้อย่างน้อย 2 ปี

• มีความเป็นผู้นำ ทักษะการแก้ปัญหา และความเข้าใจในวงจรชีวิตของสินค้าเกษตร

• สามารถปฏิบัติงานในห้องควบคุมอุณหภูมิได้"
หัวหน้าแผนกผักและผลไม้,"Fruit, Veg & Spice Supervisor",Supervisor,FRUIT_VEG_SPICE_SUPERVISOR,1,12,fruit|veg|spice,"• สนับสนุนผู้จัดการแผนกในการกำกับดูแลพนักงานและการดำเนินงานประจำวันของแผนกผักและผลไม้

• ตรวจสอบคุณภาพสินค้าที่รับเข้าและควบคุมการคัดแยกสินค้าที่ไม่ได้มาตรฐานออกจากชั้นวาง

• กำกับดูแลการเติมสินค้า การจัดทำโปรโมชั่น และการหมุนเวียนสินค้าตามหลัก FIFO

• อำนวยความสะดวกและให้คำปรึกษาแก่ลูกค้าในการเลือกซื้อผลิตภัณฑ์

• ประสานงานกับหน่วยงานที่เกี่ยวข้องในการควบคุมความแม่นยำของเครื่องชั่งน้ำหนัก

• ตรวจสอบความถูกต้องและชัดเจนของป้ายราคาและป้ายระบุแหล่งที่มาของสินค้า

• วางแผนและจัดเตรียมพื้นที่ส่งเสริมการขายหน้าร้านให้มีความน่าสนใจ","• มัธยมศึกษาตอนปลาย หรือเทียบเท่าขึ้นไป

• มีความเชี่ยวชาญในการจัดการสินค้าสดและผลิตภัณฑ์ทางการเกษตร

• มีความละเอียดรอบคอบ ทักษะความเป็นผู้นำ และการสื่อสารที่มีประสิทธิภาพ

• สามารถปฏิบัติงานภายใต้ความกดดันและบริหารเวลาได้ดี"
พนักงานประจำแผนกผักและผลไม้,"Fruit, Veg & Spice Staff",Staff,FRUIT_VEG_SPICE_STAFF,1,0,fruit|veg|spice,"• จัดเรียงและเติมเต็มสินค้าประเภทผัก ผลไม้ และเครื่องเทศให้เป็นระเบียบและน่าสนใจ

• ดำเนินการคัดแยกสินค้าที่ช้ำ เสื่อมสภาพ หรือไม่ได้คุณภาพออกจากจุดแสดงสินค้า

• ดูแลความสะอาดของชั้นวาง กระบะสินค้า และพื้นที่ปฏิบัติงานตามมาตรฐานสุขอนามัย

• ให้บริการชั่งน้ำหนักและอำนวยความสะดวกแก่ลูกค้า ณ จุดขาย

• ดูแลให้พื้นที่จัดแสดงสินค้ามีความสวยงามและมีสินค้าเพียงพอตลอดเวลา

• ปฏิบัติตามกระบวนการหมุนเวียนสินค้า (FIFO) บริเวณหน้าชั้นวางอย่างเคร่งครัด

• สนับสนุนทีมงานในการตรวจนับสินค้าคงคลังตามรอบที่กำหนด","• มัธยมศึกษาตอนปลาย หรือเทียบเท่า

• มีความกระตือรือร้นและใส่ใจในรายละเอียดของสภาพสินค้า

• มีสภาพร่างกายที่พร้อมสำหรับการยกสินค้าและยืนปฏิบัติงานเป็นเวลานาน

• มีใจรักงานบริการและมีมนุษยสัมพันธ์ที่ดี"
ผู้จัดการแผนกอาหารแช่แข็งและผลิตภัณฑ์นม,Frozen & Dairy Manager,Manager,FROZEN_DAIRY_MANAGER,1,24,frozen|dairy,"• บริหารจัดการผลประกอบการของแผนกอาหารแช่แข็งและผลิตภัณฑ์นมให้บรรลุเป้าหมายขององค์กร

• ควบคุมมาตรฐานอุณหภูมิของตู้แช่เย็นและตู้แช่แข็งเพื่อรักษาคุณภาพสูงสุดของผลิตภัณฑ์

• บริหารระบบสินค้าคงคลัง ควบคุมสินค้าหมดอายุ และลดอัตราการสูญเสียของแผนก

• กำกับดูแล ประเมินผล และพัฒนาศักยภาพของทีมงานภายในแผนกอย่างต่อเนื่อง

• ตรวจสอบและบริหารจัดการอายุการเก็บรักษาของสินค้า (Shelf Life) อย่างเข้มงวด

• ประสานงานกับฝ่ายอาคารสถานที่ (GA) เพื่อตรวจสอบประสิทธิภาพการทำงานของตู้แช่

• วางแผนและดำเนินกิจกรรมส่งเสริมการขายเพื่อเพิ่มยอดจำหน่ายของแผนก","• มัธยมศึกษาตอนปลาย หรือเทียบเท่า (หากมีวุฒิสูงกว่าหรือมีประสบการณ์บริหารค้าปลีกจะพิจารณาเป็นพิเศษ)

• มีประสบการณ์ระดับหัวหน้างานในซูเปอร์มาร์เก็ตอย่างน้อย 2 ปี

• มีความรับผิดชอบสูง มีทักษะการบริหารคน และมีความละเอียดรอบคอบ

• สามารถปฏิบัติงานในสภาพแวดล้อมที่มีอุณหภูมิติดลบ (-20 องศาเซลเซียส) ได้"
Area Manager,Area Manager,Manager,AREA_MANAGER,3,60,area,"• บริหารจัดการกลุ่มสาขาเพื่อสร้างผลกำไรสูงสุดและควบคุมค่าใช้จ่ายอย่างมีประสิทธิภาพ

• กำหนดนโยบายเชิงกลยุทธ์ เป้าหมายการปฏิบัติงาน และพัฒนาศักยภาพบุคลากร

• วิเคราะห์แนวโน้มธุรกิจ ข้อมูลการขาย และคาดการณ์ยอดขายเพื่อจัดทำแผนธุรกิจ

• กำกับดูแลมาตรฐานการปฏิบัติงาน (6 Rights+1) และสนับสนุนการพัฒนาลูกค้า

• รับผิดชอบภาพรวมด้านผลประกอบการและกำไรขาดทุน (P&L) ของกลุ่มสาขา

• เป็นผู้นำในการขับเคลื่อนเป้าหมายทางการเงินและกลยุทธ์ขององค์กร

• ให้คำปรึกษาและประเมินผลการปฏิบัติงานของผู้จัดการทั่วไปสาขา (SGM)","• สำเร็จการศึกษาระดับปริญญาตรีขึ้นไป

• มีประสบการณ์ระดับบริหารในธุรกิจค้าปลีกอย่างน้อย 5 ปี

• มีภาวะผู้นำระดับสูง มีความเป็นมืออาชีพ และสามารถเป็นแบบอย่างที่ดีได้

• มีความสามารถในการเดินทางเพื่อกำกับดูแลสาขาในเขตพื้นที่ที่รับผิดชอบ"
Store General Manager,SGM,Manager,SGM,3,60,sgm,"• บริหารจัดการภาพรวมของสาขาเพื่อให้บรรลุเป้าหมายยอดขายและผลกำไรสูงสุด

• ควบคุมระดับสินค้าคงคลัง ยอดสูญเสีย และค่าใช้จ่ายในการดำเนินงานของสาขา

• แสดงภาวะผู้นำ ให้คำปรึกษา และวางแผนการพัฒนาสายอาชีพให้แก่บุคลากร

• ดูแลความปลอดภัยของลูกค้า พนักงาน ทรัพย์สิน และกระแสเงินสดของสาขา

• รับผิดชอบการบริหารงบประมาณและผลกำไรขาดทุน (P&L) ประจำสาขา

• ขับเคลื่อนมาตรฐาน 6 Rights+1 ในทุกแผนกปฏิบัติการ

• ทำงานร่วมกับฝ่ายพัฒนาลูกค้าเพื่อเพิ่มยอดใช้จ่ายและขยายฐานลูกค้า","• สำเร็จการศึกษาระดับปริญญาตรีขึ้นไป

• มีประสบการณ์ระดับผู้บริหารในอุตสาหกรรมค้าปลีกอย่างน้อย 5 ปี

• มีทักษะการวิเคราะห์ข้อมูลทางธุรกิจและการบริหารงบประมาณอย่างถ่องแท้

• มุ่งเน้นผลสัมฤทธิ์ทางการงานและมีทักษะการบริหารจัดการทรัพยากรบุคคลที่ดีเยี่ยม"
ASGM 1,ASGM 1,Manager,ASGM_1,3,60,asgm,"• กำกับดูแลฝ่ายปฏิบัติการของสาขาให้บรรลุเป้าหมายด้านยอดขายและผลกำไร

• ควบคุมค่าใช้จ่ายและอัตราการสูญเสียของแผนกที่รับผิดชอบให้อยู่ในเกณฑ์

• บริหารจัดการและประเมินผลการทำงานของผู้จัดการแผนกต่างๆ อย่างใกล้ชิด

• ปฏิบัติหน้าที่ Duty Manager และรักษาการแทน SGM ในกรณีที่ผู้จัดการสาขาไม่อยู่

• ขับเคลื่อนยอดขายและควบคุมงบประมาณของแผนกที่ได้รับมอบหมาย

• กำกับดูแลความเรียบร้อยรายวันในฐานะผู้จัดการประจำกะ (Duty Manager)

• ประสานงานกับฝ่ายขายลูกค้าสัมพันธ์เพื่อรักษามาตรฐานการบริการ","• สำเร็จการศึกษาระดับปริญญาตรีขึ้นไป

• มีประสบการณ์บริหารงานระดับสาขาในธุรกิจค้าปลีกอย่างน้อย 5 ปี

• มีทักษะในการบริหารเวลาและการจัดลำดับความสำคัญของงานอย่างมีประสิทธิภาพ

• มีความสามารถในการวิเคราะห์ตัวเลขและงบการเงิน"
ASGM 2,ASGM 2,Manager,ASGM_2,3,60,asgm,"• ควบคุมงานฝ่ายปฏิบัติการและหน่วยงานสนับสนุนให้บรรลุเป้าหมายองค์กร

• กำกับดูแลแผนกบริการชำระเงิน, งานธุรการ, ระบบสารสนเทศ และงานซ่อมบำรุง

• รักษามาตรฐานการให้บริการลูกค้าขั้นสูงสุดและบริหารจัดการข้อร้องเรียน

• ปฏิบัติหน้าที่ Duty Manager เพื่อตรวจสอบความปลอดภัยและความเรียบร้อยทั่วไป

• บริหารจัดการระบบงานสนับสนุนส่วนหลัง (Back-office) และการเงินของสาขา

• วางแผนและบริหารอัตรากำลังคนในส่วนบริการชำระเงินให้มีประสิทธิภาพ

• ควบคุมและอนุมัติการดำเนินงานตามระเบียบข้อบังคับของบริษัท","• สำเร็จการศึกษาระดับปริญญาตรีขึ้นไป

• มีประสบการณ์บริหารงานระดับสาขาในธุรกิจค้าปลีกอย่างน้อย 5 ปี

• มีไหวพริบทางธุรกิจ ทักษะการแก้ปัญหา และสามารถตัดสินใจอย่างเป็นธรรม

• สามารถปฏิบัติงานภายใต้สภาวะความกดดันสูงได้ดี"
Store Center,Store Center,Staff,STORE_CENTER,3,0,store|center,"• บริหารจัดการระบบเอกสาร รับ-ส่งอีเมล โทรสาร และจดหมายของสาขา

• จัดทำรายงานประจำวัน ประจำเดือน และจัดเตรียมเอกสารการประชุม

• ปฏิบัติหน้าที่ผู้ช่วยส่วนตัวและสนับสนุนงานธุรการให้แก่ผู้จัดการทั่วไปสาขา

• ประสานงาน ติดตามงานจากแผนกต่างๆ และบริหารตารางนัดหมายของผู้บริหาร

• ทำหน้าที่เป็นศูนย์กลางการสื่อสารระหว่างผู้บริหารและพนักงานปฏิบัติการ

• จัดทำรายงานการประชุมและจัดเก็บเอกสารสำคัญอย่างเป็นระบบ

• ลดภาระงานด้านธุรการเพื่อให้ผู้บริหารมุ่งเน้นงานเชิงกลยุทธ์ได้เต็มที่","• ประกาศนียบัตรวิชาชีพ หรือระดับปริญญาตรีด้านการบริหารหรือเลขานุการ

• มีทักษะการสื่อสาร การฟัง และการจัดเก็บข้อมูลที่เป็นความลับอย่างเคร่งครัด

• มีความเชี่ยวชาญในการใช้โปรแกรมสำนักงานและการบริหารเวลา

• มีทักษะภาษาอังกฤษเบื้องต้นสำหรับการจัดการเอกสาร"
Sales Manager,Sales Manager,Manager,SALES_MANAGER,3,24,sales,"• วางแผนเชิงกลยุทธ์เพื่อเพิ่มยอดจำหน่ายในกลุ่มลูกค้าธุรกิจ (Horeca, ค้าปลีก)

• บริหารจัดการ ประเมินผล และพัฒนาศักยภาพทีมงานพัฒนาลูกค้า (CDO)

• วิเคราะห์ฐานข้อมูลพฤติกรรมการซื้อเพื่อกำหนดแนวทางการตลาดที่เหมาะสม

• ประสานงานระหว่างสาขาและสำนักงานใหญ่เพื่อขับเคลื่อนนโยบายการขาย

• ดูแลการบริหารจัดการฐานข้อมูลลูกค้าและการจัดส่งสื่อส่งเสริมการขาย

• ลงพื้นที่เข้าพบลูกค้ารายใหญ่เพื่อสร้างและรักษาความสัมพันธ์ทางธุรกิจ

• วิเคราะห์ข้อมูลการตลาดเพื่อรักษาและขยายส่วนแบ่งทางการตลาด","• สำเร็จการศึกษาระดับปริญญาตรีสาขาบริหารธุรกิจ การตลาด หรือที่เกี่ยวข้อง

• มีประสบการณ์บริหารทีมขายหรือลูกค้าสัมพันธ์ 2-3 ปีขึ้นไป

• มีทักษะความเป็นผู้นำและการบริหารวงจรชีวิตลูกค้า (Customer Lifecycle)

• สามารถสร้างแรงจูงใจและผลักดันทีมงานให้บรรลุเป้าหมายทางธุรกิจได้"
Sales Executive,Sales Executive,Staff,SALES_EXECUTIVE,3,0,sales,"• วางแผนและดำเนินการเข้าพบลูกค้าเป้าหมายเพื่อรักษาและเพิ่มยอดขาย

• นำเสนอผลิตภัณฑ์และให้คำปรึกษาเชิงธุรกิจแก่ลูกค้าอย่างมืออาชีพ

• รวบรวมข้อมูลการตลาด ความเคลื่อนไหวของคู่แข่ง และจัดทำรายงานวิเคราะห์

• ดำเนินการขายผ่านทางโทรศัพท์ (Telesales) เพื่อแจ้งโปรโมชั่นและกระตุ้นยอดซื้อ

• ดูแลและบริหารความสัมพันธ์กับลูกค้ารายใหญ่ในพอร์ตโฟลิโอ

• วิเคราะห์หาโอกาสทางธุรกิจแบบได้ประโยชน์ร่วมกัน (Win-Win Solution)

• บริหารจัดการข้อร้องเรียนและเพิ่มความพึงพอใจสูงสุดให้แก่ลูกค้า","• สำเร็จการศึกษาระดับปริญญาตรีสาขาบริหารธุรกิจ หรือสาขาที่เกี่ยวข้อง

• มีประสบการณ์ด้านการขายหรือการบริการลูกค้า 0-2 ปี

• มีทักษะการเจรจาต่อรอง การสื่อสาร และความเข้าใจในความต้องการของลูกค้า

• มีความสามารถในการปฏิบัติงานเชิงรุกและบริหารจัดการพื้นที่ที่รับผิดชอบได้"
Sales Admin,Sales Admin,Staff,SALES_ADMIN,3,0,sales,"• สนับสนุนงานธุรการและงานเอกสารทั้งหมดให้แก่ทีมงานพัฒนาลูกค้า

• จัดทำฐานข้อมูลลูกค้า รวบรวมข้อมูลสถิติ และรายงานผลการดำเนินงาน

• ตรวจสอบความถูกต้องของใบสมัครสมาชิกและควบคุมการจัดส่งสื่อการตลาด

• ประสานงานการจัดประชุมและอำนวยความสะดวกให้แก่ทีมงานขาย

• ลดภาระงานเอกสารเพื่อให้ทีมขายมุ่งเน้นการสร้างรายได้ได้อย่างเต็มที่

• จัดเตรียมข้อมูลวิเคราะห์ลูกค้าให้ทีมขายก่อนการออกพื้นที่เข้าพบจริง

• ประสานงานการวิจัยตลาดและสำรวจกลุ่มเป้าหมายร่วมกับสำนักงานใหญ่","• สำเร็จการศึกษาระดับปริญญาตรีสาขาบริหารธุรกิจ หรือสาขาที่เกี่ยวข้อง

• มีประสบการณ์ด้านงานธุรการ งานประสานงานขาย หรือการจัดการฐานข้อมูล 0-2 ปี

• มีความละเอียดรอบคอบขั้นสูงและเชี่ยวชาญการใช้ระบบคอมพิวเตอร์

• มีทักษะการสื่อสารและสามารถประสานงานกับหน่วยงานหลากหลายฝ่ายได้"
หัวหน้าแผนกอาหารแช่แข็งและผลิตภัณฑ์นม,Frozen & Dairy Supervisor,Supervisor,FROZEN_DAIRY_SUPERVISOR,1,12,frozen|dairy,"• สนับสนุนผู้จัดการแผนกในการบริหารยอดขายและควบคุมอัตราสูญเสียของแผนก

• ควบคุมกระบวนการจัดเรียงสินค้า เติมสต็อก และการนำเสนอสินค้าให้ได้มาตรฐาน

• ตรวจสอบอายุสินค้าอย่างเคร่งครัดและควบคุมการหมุนเวียนสินค้าตามหลัก FIFO

• ตรวจสอบประสิทธิภาพและบำรุงรักษาตู้แช่เย็นและตู้แช่แข็งให้อยู่ในสภาพสมบูรณ์

• ดำเนินการตรวจสอบและกระทบยอดสินค้าคงคลังร่วมกับฝ่าย ALC

• ประสานงานกับฝ่ายอาคารสถานที่เพื่อตรวจสอบอุณหภูมิของตู้แช่เป็นประจำ

• ควบคุมคุณภาพสินค้าให้ได้ตามมาตรฐานความปลอดภัยทางอาหารสูงสุด","• มัธยมศึกษาตอนปลาย หรือเทียบเท่าขึ้นไป

• มีความรับผิดชอบ ละเอียดรอบคอบ และมีทักษะความเป็นผู้นำ

• สามารถปฏิบัติงานในสภาพแวดล้อมที่มีอุณหภูมิติดลบได้

• มีความสามารถในการวิเคราะห์ตัวเลขและบริหารสต็อกสินค้า"
พนักงานประจำแผนกอาหารแช่แข็งและผลิตภัณฑ์นม,Frozen & Dairy Staff,Staff,FROZEN_DAIRY_STAFF,1,0,frozen|dairy,"• ปฏิบัติหน้าที่เติมสินค้าประเภทอาหารแช่แข็งและผลิตภัณฑ์นมลงในตู้แช่และชั้นวาง

• ตรวจสอบวันหมดอายุ และคัดแยกสินค้าที่ชำรุดหรือเสื่อมสภาพออกจากพื้นที่ขาย

• ดูแลความสะอาดของตู้แช่กระจก พื้นที่จัดแสดงสินค้า และพื้นที่ปฏิบัติงาน

• ให้บริการลูกค้า ตอบข้อซักถาม และอำนวยความสะดวกในการหาสินค้า

• รักษาระดับปริมาณสินค้าในตู้แช่ให้ดูสวยงามและเพียงพอต่อการขายเสมอ

• จัดการสินค้าคงคลังบริเวณหน้าตู้แช่ตามหลักการเข้าก่อน-ออกก่อน (FIFO)

• เป็นตัวแทนของแผนกในการมอบประสบการณ์การซื้อสินค้าที่ดีให้แก่ลูกค้า","• มัธยมศึกษาตอนปลาย หรือเทียบเท่า

• มีความยืดหยุ่น ทนทานต่อสภาพอากาศเย็นจัดในตู้แช่แข็งได้

• ใส่ใจในรายละเอียด และมีมนุษยสัมพันธ์ที่ดี

• ปฏิบัติตามมาตรฐานความปลอดภัยและสวมใส่อุปกรณ์ป้องกันอย่างเคร่งครัด"
ผู้จัดการแผนกเบเกอรี่,Bakery Manager,Manager,BAKERY_MANAGER,3,36,bakery,"• บริหารจัดการแผนกเบเกอรี่อย่างเต็มรูปแบบ เพื่อบรรลุเป้าหมายยอดขายและกำไร

• วางแผนการผลิต ควบคุมต้นทุนวัตถุดิบ (Food Cost) และอัตราการสูญเสีย

• กำกับดูแลมาตรฐานความสดใหม่ คุณภาพของขนมอบ และความสะอาดระดับสูงสุด

• บริหารทีมงาน จัดทำงบประมาณ และเจรจาต่อรองกับซัพพลายเออร์วัตถุดิบ

• กำหนดตารางการอบขนมในแต่ละวันให้สอดคล้องกับพฤติกรรมการซื้อของลูกค้า

• วางแผนและดำเนินกิจกรรมส่งเสริมการขาย เช่น การจัดสาธิตและชิมสินค้า

• ประเมินผลและพัฒนาทักษะทางวิชาชีพของพนักงานในแผนกอย่างต่อเนื่อง","• ปริญญาตรี หรือผ่านการอบรมจากสถาบันการประกอบอาหาร/เบเกอรี่ชั้นนำ

• มีประสบการณ์ระดับหัวหน้างานในสายเบเกอรี่อย่างน้อย 3-4 ปี

• มีความเป็นผู้นำสูง และมีทักษะการคำนวณต้นทุน-กำไร

• มีความรู้ลึกซึ้งด้านสูตรขนมอบและมาตรฐานความปลอดภัยทางอาหาร"
หัวหน้าแผนกเบเกอรี่,Bakery Supervisor,Supervisor,BAKERY_SUPERVISOR,3,12,bakery,"• สนับสนุนผู้จัดการในการควบคุมกระบวนการผลิตและการจำหน่ายสินค้าเบเกอรี่

• ตรวจสอบคุณภาพความสดใหม่ และบริหารการจัดเรียงสินค้าตามหลัก FIFO

• ฝึกอบรมพนักงานเกี่ยวกับการอบขนม การนำเสนอสินค้า และการบริการลูกค้า

• ดูแลพื้นที่ขายให้มีความสะอาด ปลอดภัย และจัดเตรียมพื้นที่สำหรับโปรโมชั่น

• ควบคุมปริมาณการผลิตให้สอดคล้องกับความต้องการของลูกค้าในแต่ละช่วงเวลา

• ดูแลการติดป้ายราคาสินค้าและการนำเสนอผลิตภัณฑ์ตราสินค้าขององค์กร (Own Brand)

• ประสานงานกับฝ่ายที่เกี่ยวข้องเพื่อบำรุงรักษาอุปกรณ์เครื่องอบขนม","• ปริญญาตรี หรือประกาศนียบัตรวิชาชีพด้านการทำขนมอบ

• มีประสบการณ์ในฐานะหัวหน้างานเบเกอรี่ 1-2 ปีขึ้นไป

• มีทักษะการสื่อสารที่ดีเยี่ยมและสามารถแก้ปัญหาเฉพาะหน้าได้

• มีใจรักงานบริการและมีมาตรฐานด้านสุขอนามัยส่วนบุคคลสูง"
พนักงานประจำแผนกเบเกอรี่,Bakery Staff,Staff,BAKERY_STAFF,1,0,bakery,"• ปฏิบัติหน้าที่ในกระบวนการผลิตเบเกอรี่ เตรียมวัตถุดิบ และอบขนมตามมาตรฐาน

• จัดเรียงสินค้าขนมอบบนชั้นวางให้สวยงาม เป็นระเบียบ และดึงดูดความสนใจ

• ดูแลความสะอาดของอุปกรณ์ทำขนม เตาอบ และพื้นที่จัดแสดงสินค้าหน้าร้าน

• ให้บริการลูกค้า ให้คำแนะนำผลิตภัณฑ์ และดูแลการแจกชิมสินค้า (Sampling)

• ปฏิบัติตามกฎระเบียบด้านสุขอนามัยในการสวมใส่เครื่องแบบ (เช่น หมวกคลุมผม) อย่างเคร่งครัด

• ตรวจสอบอายุของสินค้าและคัดแยกสินค้าที่หมดอายุออกจากชั้นวาง

• มีโอกาสได้พัฒนาทักษะการทำขนมอบระดับมืออาชีพ","• มัธยมศึกษาตอนปลาย หรือผ่านการฝึกอบรมพื้นฐานด้านเบเกอรี่

• มีประสบการณ์การทำงานในสายงานเบเกอรี่ 1-2 ปี จะพิจารณาเป็นพิเศษ

• รักความสะอาด มีความประณีต และมีความรับผิดชอบ

• มีมนุษยสัมพันธ์และทัศนคติที่ดีต่อการบริการ"
ผู้จัดการแผนกอาหารแห้ง 1,Dry Foods 1 Manager,Manager,DRY_FOODS_1_MANAGER,3,24,dry|foods,"• บริหารจัดการแผนกอาหารแห้งกลุ่มที่ 1 รวมถึงกลุ่มเครื่องดื่มและสุรา ให้บรรลุยอดขาย

• ควบคุมระดับสินค้าคงคลังผ่านระบบ OPL เพื่อลดการสูญเสียและเพิ่มสภาพคล่อง

• บริหารจัดการทีมงาน ทั้งพนักงานประจำและพนักงานส่งเสริมการขายจากผู้จัดจำหน่าย (PC)

• ดำเนินกลยุทธ์ตามหลักการ 6 Rights+1 เพื่อเพิ่มประสิทธิภาพการนำเสนอสินค้า

• รับผิดชอบการควบคุมเอกสารภาษีสรรพสามิตสำหรับสินค้ากลุ่มแอลกอฮอล์

• กำกับดูแลการทำงานของพนักงาน PC ให้สอดคล้องกับระเบียบของสาขา

• วิเคราะห์หาสาเหตุของสินค้าชำรุดเสียหายและกำหนดมาตรการป้องกัน","• ปริญญาตรี สาขาบริหารธุรกิจ หรือสาขาที่เกี่ยวข้อง

• มีประสบการณ์บริหารทีมงานในธุรกิจค้าปลีกหรือค้าส่งอย่างน้อย 2 ปี

• มีความเป็นผู้นำ กล้าตัดสินใจ และสามารถบริหารบุคคลหลากหลายกลุ่มได้

• มีความเชี่ยวชาญในการวิเคราะห์ยอดขายและสินค้าคงคลัง"
ผู้จัดการแผนกอาหารแห้ง 2,Dry Foods 2 Manager,Manager,DRY_FOODS_2_MANAGER,3,24,dry|foods,"• บริหารจัดการผลประกอบการของแผนกอาหารแห้งกลุ่มที่ 2 ให้เป็นไปตามเป้าหมายของบริษัท

• ควบคุมสินค้าที่เคลื่อนไหวช้า (Slow Moving) สินค้าหมดอายุ และอัตราการสูญหาย

• ดูแลการนำเสนอสินค้า จัดทำแผนผังการจัดเรียง (Plan-o-gram) และพื้นที่โปรโมชั่น

• ประเมินผลการทำงาน สอนงาน และจัดตารางการปฏิบัติงานของพนักงานอย่างเหมาะสม

• ผลักดันโครงการทางการตลาดและแคมเปญต่างๆ เพื่อกระตุ้นยอดขาย

• ประสานงานกับฝ่ายพัฒนาลูกค้าเพื่อรับทราบความต้องการและข้อเสนอแนะของลูกค้า

• ควบคุมดูแลทรัพย์สินและอุปกรณ์เครื่องมือภายในพื้นที่รับผิดชอบ","• ปริญญาตรี สาขาบริหารธุรกิจ หรือสาขาที่เกี่ยวข้อง

• มีประสบการณ์ระดับหัวหน้างานอย่างน้อย 2 ปี ในอุตสาหกรรมค้าปลีก

• มีความคิดสร้างสรรค์ มีทัศนคติเชิงบวก และแก้ไขปัญหาเฉพาะหน้าได้ดี

• มีความมุ่งมั่นในการให้บริการลูกค้าด้วยมาตรฐานระดับสูงสุด"
หัวหน้าแผนกอาหารแห้ง,Dry Foods Supervisor,Supervisor,DRY_FOODS_SUPERVISOR,1,12,dry|foods,"• ช่วยผู้จัดการแผนกในการควบคุมดูแลการปฏิบัติงานและการจัดเรียงสินค้าประเภทอาหารแห้ง

• ควบคุมกระบวนการสั่งซื้อ เติมสินค้า (Gap Check) และบริหารพื้นที่จัดเก็บสินค้า

• ฝึกอบรมพนักงานในการตรวจสอบวันหมดอายุ ป้ายราคา และการดูแลรักษาสภาพสินค้า

• กำกับดูแลความปลอดภัยในการทำงาน โดยเฉพาะการใช้งานรถยกสินค้า (Forklift)

• จัดการระบบย้าย ถ่ายเท และแพ็คสินค้าใหม่ (Repack) เพื่อลดความสูญเสีย

• ดูแลพื้นที่จัดรายการสินค้าโปรโมชั่นให้มีความโดดเด่นและดึงดูดลูกค้า

• ประสานงานและแก้ไขปัญหารายวันเพื่อสนับสนุนยอดขายของแผนก","• มัธยมศึกษาตอนปลาย หรือเทียบเท่าขึ้นไป

• มีทักษะการบริหารจัดการคนและความสามารถในการทำงานเป็นทีม

• มีความละเอียดรอบคอบ และสามารถปฏิบัติงานภายใต้สภาวะกดดันได้

• เข้าใจระบบการจัดการคลังสินค้าและซูเปอร์มาร์เก็ตเบื้องต้น"
พนักงานประจำแผนกอาหารแห้ง,Dry Foods Staff,Staff,DRY_FOODS_STAFF,1,0,dry|foods,"• รับผิดชอบการจัดเรียง เติมเต็ม และรักษาสภาพสินค้าประเภทอาหารแห้งบนชั้นวาง

• ตรวจสอบความถูกต้องของป้ายราคา บาร์โค้ด และจัดเก็บสินค้าตามหลัก FIFO

• รักษาความสะอาดของพื้นที่ขาย จัดเก็บเศษกล่องหรือลังกระดาษไม่ให้กีดขวางทางเดิน

• อำนวยความสะดวกและให้ความช่วยเหลือลูกค้าในการค้นหาสินค้า

• ดำเนินการตรวจสอบและเติมสินค้าที่พร่องจากชั้นวางทันที (Gap Check)

• นำสินค้าที่ลูกค้าวางผิดที่กลับเข้าสู่จุดจำหน่ายที่ถูกต้อง

• เป็นด่านหน้าในการพบปะและทักทายลูกค้าที่เดินเลือกซื้อสินค้าในทางเดิน","• มัธยมศึกษาตอนต้น ถึงตอนปลาย

• มีสภาพร่างกายที่แข็งแรง ทนทานต่องานยกสินค้าและการจัดเรียง

• มีความขยัน ซื่อสัตย์ และมีระเบียบวินัยในการทำงาน

• มีใจรักงานบริการและพร้อมที่จะช่วยเหลือผู้อื่น"
ผู้จัดการแผนกสินค้าอุปโภค 1,Non-Foods 1 Manager,Manager,NON_FOODS_1_MANAGER,3,24,non|foods,"• บริหารจัดการฝ่ายสินค้าอุปโภคกลุ่มที่ 1 (เครื่องใช้ไฟฟ้า อิเล็กทรอนิกส์) ให้บรรลุเป้าหมายทางการเงิน

• ควบคุมงบประมาณ สั่งซื้อสินค้า บริหารสต็อก และวิเคราะห์แนวโน้มตลาดสินค้าอิเล็กทรอนิกส์

• วางแผนการจัดวางสินค้า จัดกิจกรรมส่งเสริมการขาย และตรวจสอบราคาสินค้าของคู่แข่ง

• กำกับดูแลบริการหลังการขาย และติดตามสถานะสินค้าที่ลูกค้าส่งซ่อมอย่างเป็นระบบ

• สร้างความพึงพอใจและรักษาความสัมพันธ์ระยะยาวกับลูกค้ารายใหญ่

• วิเคราะห์สาเหตุของสินค้าชำรุดและกำหนดนโยบายเพื่อลดอัตราการสูญเสีย

• พัฒนาขีดความสามารถของบุคลากรในแผนกให้มีความรู้ด้านผลิตภัณฑ์อย่างลึกซึ้ง","• ปริญญาตรี สาขาบริหารธุรกิจ การตลาด หรือสาขาที่เกี่ยวข้อง

• มีประสบการณ์บริหารงานในกลุ่มสินค้าอิเล็กทรอนิกส์หรือค้าปลีก 2 ปีขึ้นไป

• มีความคิดสร้างสรรค์ มีความเป็นผู้นำ และมีทักษะการเจรจาต่อรอง

• มีความสามารถในการแก้ไขปัญหาเชิงเทคนิคและข้อร้องเรียนของลูกค้า"
ผู้จัดการแผนกสินค้าอุปโภค 2,Non-Foods 2 Manager,Manager,NON_FOODS_2_MANAGER,3,24,non|foods,"• บริหารจัดการแผนกสินค้าอุปโภคกลุ่มที่ 2 (ของใช้ทั่วไป เครื่องครัว เครื่องเขียน) ให้เติบโตตามเป้า

• บริหารสินค้าคงคลัง ควบคุมอัตราการหมุนเวียนสินค้า และจัดการสินค้าค้างสต็อก (Aging)

• ตรวจสอบมาตรฐานการนำเสนอสินค้า แผนผังการจัดวาง และรักษาภาพลักษณ์ของแผนก

• กำหนดตารางการทำงาน ประเมินผล และจัดอบรมพนักงานและ PC ของผู้จัดจำหน่าย

• อนุมัติการปรับปรุงสต็อกและดำเนินมาตรการลดการสูญเสียภายในแผนก

• ทำงานร่วมกับฝ่ายจัดซื้อเพื่อสรรหาสินค้าที่ตอบสนองความต้องการของกลุ่มธุรกิจ

• นำเสนอรายงานวิเคราะห์ยอดขายและปัญหาอุปสรรคต่อผู้บริหารระดับสูง","• ปริญญาตรี สาขาบริหารธุรกิจ หรือสาขาที่เกี่ยวข้อง

• มีประสบการณ์หัวหน้างานค้าปลีกหรือการจัดการสินค้าทั่วไปอย่างน้อย 2 ปี

• มีทัศนคติเชิงบวก ละเอียดรอบคอบ และสามารถให้คำปรึกษาพนักงานได้ดี

• มีทักษะการวิเคราะห์ข้อมูลยอดขายและบริหารจัดการพื้นที่ขาย"
หัวหน้าแผนกสินค้าอุปโภค 1,Non-Foods 1 Supervisor,Supervisor,NON_FOODS_1_SUPERVISOR,1,12,non|foods,"• สนับสนุนผู้จัดการในการดำเนินงานประจำวันของแผนกเครื่องใช้ไฟฟ้าและอิเล็กทรอนิกส์

• ควบคุมระบบการสั่งซื้อ เติมเต็มสต็อก และดูแลความเรียบร้อยของพื้นที่ส่งเสริมการขาย

• ดูแลระบบความปลอดภัยในการปฏิบัติงาน และควบคุมความปลอดภัยของการใช้รถยก (Forklift)

• ติดตามและอำนวยความสะดวกในกระบวนการรับ-ส่งสินค้าซ่อมของลูกค้า

• ดำเนินการและควบคุมการตรวจสอบสินค้าขาดหายบนชั้นวาง (Gap Check) อย่างสม่ำเสมอ

• จัดทำเอกสารและบริหารจัดการการย้ายหรือถ่ายเทสินค้าในระบบ

• กำกับดูแลการทำงานของพนักงานส่งเสริมการขายจากภายนอก (PC)","• มัธยมศึกษาตอนปลาย หรือเทียบเท่าขึ้นไป

• มีความเข้าใจและติดตามความก้าวหน้าของเทคโนโลยีเครื่องใช้ไฟฟ้า

• มีความละเอียดรอบคอบ มีทักษะการสื่อสาร และการทำงานเป็นทีม

• สามารถทำงานภายใต้ความกดดันและบริหารข้อร้องเรียนเบื้องต้นได้"
หัวหน้าแผนกสินค้าอุปโภค 2,Non-Foods 2 Supervisor,Supervisor,NON_FOODS_2_SUPERVISOR,1,12,non|foods,"• ช่วยเหลือผู้จัดการในการดูแลส่วนปฏิบัติการของแผนกของใช้ทั่วไป เครื่องครัว และเครื่องเขียน

• ควบคุมการจัดเรียงสินค้า การเติมสินค้าบนชั้นวางให้ครบถ้วน และดูแลป้ายราคาให้ถูกต้อง

• ประสานงานกับฝ่ายตรวจรับสินค้า (GR) เพื่อควบคุมคุณภาพและปริมาณสินค้าที่รับเข้า

• จัดการกระบวนการทำลายและปรับปรุงสถานะสินค้าที่ชำรุดเสียหายตามนโยบายองค์กร

• ควบคุมปริมาณกำลังคนของพนักงานเติมสินค้าให้เหมาะสมกับช่วงเวลาที่ลูกค้าหนาแน่น

• ดูแลพื้นที่จัดรายการโปรโมชั่นหลักให้เป็นไปตามมาตรฐานการจัดวาง (Plan-o-gram)

• สอดส่องและป้องกันปัญหาการสูญหายหรือการทุจริตในพื้นที่รับผิดชอบ","• มัธยมศึกษาตอนปลาย หรือเทียบเท่าขึ้นไป

• มีความเป็นผู้นำ สามารถสื่อสารคำสั่งได้อย่างชัดเจนและเป็นระบบ

• มีความยืดหยุ่นสูง และสามารถจัดการงานได้หลากหลายในเวลาเดียวกัน

• ให้ความสำคัญกับความปลอดภัยและอาชีวอนามัยในพื้นที่ปฏิบัติงาน"
พนักงานประจำแผนกสินค้าอุปโภค,Non-Foods Staff,Staff,NON_FOODS_STAFF,1,0,non|foods,"• รับผิดชอบการจัดเรียงและเติมเต็มสินค้าประเภทเครื่องใช้ไฟฟ้า ของใช้ทั่วไป และเครื่องครัว

• ตรวจสอบความถูกต้องของป้ายราคาสินค้า และดำเนินการปรับปรุงข้อมูลให้เป็นปัจจุบัน

• ดูแลรักษาสภาพแวดล้อมในพื้นที่ขายให้มีความสะอาด ปลอดภัย และจัดเก็บเศษบรรจุภัณฑ์

• อำนวยความสะดวกและให้คำแนะนำเบื้องต้นแก่ลูกค้าในการเลือกซื้อผลิตภัณฑ์

• ดำเนินการตรวจสอบและเติมสินค้าทันทีเมื่อพบชั้นวางว่าง (Gap Check)

• ประสานงานกับพนักงานส่งเสริมการขาย (PC) เพื่อรักษาสภาพการจัดแสดงสินค้า

• คัดแยกและนำสินค้าที่บรรจุภัณฑ์ชำรุดออกจากพื้นที่จำหน่ายอย่างเป็นระบบ","• มัธยมศึกษาตอนต้น ถึงตอนปลาย

• มีความรับผิดชอบ ซื่อสัตย์สุจริต และมีระเบียบวินัยในการทำงาน

• มีใจรักงานบริการ (Service Mind) และสามารถสื่อสารได้อย่างสุภาพ

• ให้ความสำคัญกับกฎระเบียบด้านความปลอดภัยในการทำงาน"
ผู้จัดการแผนกรับสินค้า,GR Manager,Manager,GR_MANAGER,3,24,gr,"• บริหารจัดการและควบคุมศูนย์ปฏิบัติการรับสินค้า (Loading Dock) ให้มีประสิทธิภาพสูงสุด

• ตรวจสอบและอนุมัติความถูกต้องของการรับและส่งคืนสินค้า (คุณภาพและปริมาณ)

• กำกับดูแลความถูกต้องของเอกสารใบส่งของ (Invoice) และความปลอดภัยในพื้นที่

• ประเมินผล พัฒนาศักยภาพพนักงาน และบริหารตารางการทำงานของทีมงานรับสินค้า

• มีอำนาจในการอนุมัติรับหรือปฏิเสธสินค้าจากผู้จัดส่งตามมาตรฐานที่กำหนด

• ควบคุมกระบวนการออกเอกสารปรับลดหนี้ (Debit Advice) และใบกำกับภาษี

• วางมาตรการป้องกันการสูญหายของสินค้าราคาสูงระหว่างกระบวนการรับเข้า","• ปริญญาตรี ทุกสาขา

• มีประสบการณ์บริหารระบบคลังสินค้าหรือการรับสินค้าอย่างน้อย 2 ปีขึ้นไป

• มีภาวะผู้นำ กล้าตัดสินใจ และมีทักษะการประสานงานระดับองค์กร

• มีความละเอียดรอบคอบและบริหารจัดการความเสี่ยงได้ดี"
หัวหน้าแผนกรับสินค้า,GR Supervisor,Supervisor,GR_SUPERVISOR,3,24,gr,"• ควบคุมดูแลพนักงานและกระบวนการตรวจสอบรับสินค้าหน้าลาน (Dock) ให้ถูกต้องแม่นยำ

• ตรวจสอบสภาพสินค้าและประสานงานกับฝ่ายจัดซื้อหรือผู้จัดการแผนกกรณีพบข้อบกพร่อง

• ตรวจสอบความถูกต้องของเอกสารให้สอดคล้องกับระบบบาร์โค้ดและใบสั่งซื้อ

• บำรุงรักษาและควบคุมความพร้อมใช้งานของอุปกรณ์ เช่น รถยก (Forklift) และเครื่องพิมพ์

• ยืนยันเอกสารและจัดทำรายงานกรณีสินค้าขาดหายหรือต้องส่งคืนผู้จัดจำหน่าย

• ประสานงานกับฝ่ายควบคุมเอกสาร (Invoice Control) เมื่อพบข้อผิดพลาดในบิล

• กำกับดูแลความปลอดภัยของพนักงานและรถขนส่งในพื้นที่ปฏิบัติงาน","• ประกาศนียบัตรวิชาชีพชั้นสูง (ปวส.) ถึง ปริญญาตรี

• มีประสบการณ์งานคลังสินค้าหรือการตรวจรับสินค้าอย่างน้อย 2 ปี

• มีความกระตือรือร้น ทุ่มเท และสามารถปฏิบัติงานภายใต้ความกดดันสูง

• มีทักษะความเป็นผู้นำและการแก้ปัญหาเฉพาะหน้า"
เจ้าหน้าที่ธุรการแผนกรับสินค้า,GR Admin,Staff,GR_ADMIN,3,0,gr,"• ดำเนินการและตรวจสอบเอกสารการรับสินค้า การคืนสินค้า และใบกำกับภาษีทั้งหมด

• บันทึกข้อมูลการรับสินค้าเข้าสู่ระบบคอมพิวเตอร์ (Punch) ด้วยความแม่นยำ

• ตรวจสอบและยืนยันความถูกต้องของกระบวนการรับสินค้ารอบกลางคืน (Night Run)

• รวบรวม จัดเรียง และส่งมอบเอกสารทางการเงินทั้งหมดให้แก่ฝ่ายบัญชีสำนักงานใหญ่

• ดำเนินการแก้ไขเอกสารใบส่งสินค้าที่ผิดพลาดผ่านขั้นตอนที่เป็นมาตรฐาน

• ประสานงานด้านเอกสารกับบริษัทขนส่งและแผนกที่ทำการสั่งซื้อสินค้า

• บริหารจัดการระบบเอกสารที่เกี่ยวข้องกับการรับคืนพาเลทหมุนเวียน","• มัธยมศึกษาตอนปลาย ถึง ปริญญาตรี หรือสาขาที่เกี่ยวข้องกับธุรกิจ

• มีความเชี่ยวชาญด้านงานเอกสารและการใช้โปรแกรมคอมพิวเตอร์

• มีความซื่อสัตย์สุจริตขั้นสูงสุด มีระเบียบวินัย และละเอียดรอบคอบ

• มีระบบการจัดการงานและการจัดเก็บเอกสารที่ดี"
พนักงานปฏิบัติการรับสินค้า,GR Operations,Staff,GR_OPERATIONS,3,36,gr|operations,"• ปฏิบัติหน้าที่ตรวจรับสินค้าทางกายภาพ ตรวจสอบปริมาณ บาร์โค้ด และสภาพบรรจุภัณฑ์

• ตรวจสอบมาตรฐานและสเปกของสินค้ากลุ่มอาหารสดร่วมกับเจ้าหน้าที่แผนกอาหารสด

• รักษาความปลอดภัยและป้องกันการสูญหายของสินค้าในพื้นที่ระหว่างการรอตรวจรับ

• ควบคุมบุคลากรจากบริษัทขนส่งให้ปฏิบัติตามกฎระเบียบขององค์กรอย่างเคร่งครัด

• บริหารพื้นที่ลานรับสินค้าให้มีความพร้อมและเป็นระเบียบตลอดเวลา

• ดำเนินการลำเลียงสินค้าที่ผ่านการตรวจรับเข้าสู่พื้นที่ขายหรือคลังสินค้า

• รับผิดชอบการเบิกจ่ายเอกสารและการจัดเก็บสินค้าควบคุมพิเศษ","• มัธยมศึกษาตอนปลาย ถึง ปริญญาตรี

• มีประสบการณ์ในกระบวนการตรวจรับสินค้าอย่างน้อย 3 ปีขึ้นไป

• มีความซื่อสัตย์ อดทน และสามารถปฏิบัติงานที่ต้องใช้แรงกายได้

• มีทักษะในการควบคุมรถยก (Forklift) และอุปกรณ์ขนย้ายสินค้า"
พนักงานจัดการสินค้าชำรุดและส่งคืน,GR Job Lot Staff,Staff,GR_JOB_LOT_STAFF,1,0,gr|job|lot,"• บริหารจัดการสินค้าที่ชำรุด มีตำหนิ หรือรอการตีคืนให้แก่ผู้จัดจำหน่าย (Supplier)

• ดำเนินการแบ่งบรรจุใหม่ (Repack) หรือปรับเปลี่ยนรหัสสินค้าเพื่อนำกลับมาจำหน่ายปลีก

• จัดทำเอกสารและบันทึกข้อมูลสินค้าเพื่อการทำลายหรือส่งคืนในระบบสารสนเทศ

• ประสานงานกับฝ่ายจัดซื้อเพื่อติดตามสถานะและประสานงานการรับคืนสินค้า

• ควบคุมและรักษาระดับสต็อกสินค้าชำรุดและสูญเสียให้อยู่ในเกณฑ์ต่ำที่สุด

• บำรุงรักษาความสะอาดและมาตรฐานความปลอดภัยในพื้นที่จัดเก็บสินค้าชำรุด

• ช่วยเหลือแผนกปฏิบัติการในการแพ็คสินค้าที่ถูกละทิ้งเพื่อนำกลับไปจำหน่าย","• มัธยมศึกษาตอนปลาย

• มีประสบการณ์ในแม็คโคร 1 ปี (หากเคยผ่านแผนกอาหารแห้งจะพิจารณาเป็นพิเศษ)

• มีจรรยาบรรณวิชาชีพสูง ละเอียดรอบคอบ และมีทัศนคติเชิงบวก

• มีทักษะการจัดการเอกสารและการบันทึกข้อมูลคอมพิวเตอร์อย่างถูกต้อง"
พนักงานขับรถยกสินค้า,Forklift Driver,Staff,FORKLIFT_DRIVER,1,24,forklift|driver,"• ปฏิบัติหน้าที่ขับรถยกไฟฟ้า (Forklift, Stacker, Scooter) เพื่อการเคลื่อนย้ายและจัดเก็บสินค้า

• บริหารจัดการพาเลทสินค้าบนชั้นวางจัดเก็บระดับสูงตามมาตรฐานความปลอดภัย

• ปฏิบัติตามกฎความปลอดภัยอย่างเคร่งครัด (ต้องมีผู้สังเกตการณ์หรือ Spotter เสมอ)

• ดำเนินการตรวจสอบสภาพรถยกประจำวันและลงบันทึกรายงานก่อน-หลังใช้งานทุกครั้ง

• คัดแยกและเคลื่อนย้ายพาเลทที่ชำรุดออกจากพื้นที่จำหน่ายเพื่อป้องกันอันตราย

• สนับสนุนทีมปฏิบัติการขายในการดึงสินค้าจากชั้นสูงเพื่อนำมาจัดเรียงบนชั้นวาง

• อำนวยความสะดวกและให้บริการลูกค้าเมื่อต้องปฏิบัติงานในพื้นที่ขาย","• มัธยมศึกษา หรือประกาศนียบัตรวิชาชีพช่างยนต์/ช่างเทคนิค

• มีประสบการณ์ขับรถยกไฟฟ้า 2 ปีขึ้นไป และมีใบรับรองการผ่านการอบรม

• มีความรับผิดชอบสูง ปฏิบัติงานด้วยความระมัดระวัง และไม่ประมาท

• สามารถทำงานประสานกับทีมงานในพื้นที่ขายและคลังสินค้าได้ดี"
ผู้จัดการแผนกบริการชำระเงิน,Check Out Manager,Manager,CHECK_OUT_MANAGER,3,36,check|out,"• บริหารและควบคุมส่วนบริการชำระเงิน (Cashier), จุดประชาสัมพันธ์ และจุดแลกของสมนาคุณ

• วางมาตรการป้องกันความผิดพลาด การทุจริต และควบคุมยอดเงินขาด-เกินในการรับชำระ

• บริหารอัตรากำลังคน จัดตารางการปฏิบัติงานให้สอดคล้องกับช่วงเวลาที่มีความหนาแน่นสูง

• รักษาระดับมาตรฐานการบริการที่รวดเร็ว (ควบคุมคิวรอชำระเงินไม่เกินเกณฑ์ 1+2 คิว)

c","• ปริญญาตรี สาขาการบัญชี การเงิน หรือสาขาที่เกี่ยวข้อง

• มีประสบการณ์การบริหารงานการเงินในธุรกิจค้าปลีก 3 ปีขึ้นไป

• มีทักษะการบริหารจัดการสภาวะฉุกเฉิน และมีใจรักงานบริการขั้นสูง

• สามารถปฏิบัติงานเป็นระยะเวลานานและบริหารทีมงานขนาดใหญ่ได้"
หัวหน้าแผนกบริการชำระเงิน,Cashier Supervisor,Supervisor,CASHIER_SUPERVISOR,1,24,cashier,"• ควบคุมดูแลพนักงานแคชเชียร์และพนักงานจุดแลกของสมนาคุณในพื้นที่ปฏิบัติงานจริง

• บริหารจัดการคิวลูกค้า อำนวยความสะดวก และแก้ไขปัญหาระบบเครื่องรับชำระเงิน (POS)

• ดำเนินการฝึกอบรมภาคปฏิบัติแก่พนักงานใหม่เกี่ยวกับการใช้งานระบบรับชำระเงิน

• ตรวจสอบความถูกต้องของการปฏิบัติงาน ป้องกันการสลับป้ายสินค้า และการทุจริตหน้าจุดขาย

• รับฟังและดำเนินการแก้ไขข้อร้องเรียนเบื้องต้นจากลูกค้าเพื่อสร้างความพึงพอใจ

• บริหารการเปิด-ปิดช่องชำระเงินให้เหมาะสมกับปริมาณลูกค้าในแต่ละช่วงเวลา

• ตรวจสอบและเฝ้าระวังพฤติกรรมน่าสงสัยหรือการซุกซ่อนสินค้าในตะกร้าลูกค้า","• มัธยมศึกษาตอนปลาย หรือเทียบเท่าขึ้นไป

• มีประสบการณ์ด้านแคชเชียร์หรืองานที่เกี่ยวข้องอย่างน้อย 2 ปี

• มีความมั่นใจ สามารถปฏิบัติงานและตัดสินใจได้ดีภายใต้ความกดดัน

• มีมนุษยสัมพันธ์ดีและมีทักษะความเป็นผู้นำ"
พนักงานแคชเชียร์,Cashier,Staff,CASHIER,1,0,cashier,"• ปฏิบัติหน้าที่สแกนสินค้า รับชำระเงินด้วยความรวดเร็ว แม่นยำ และทอนเงินอย่างถูกต้อง

• มอบบริการที่เป็นเลิศด้วยรอยยิ้ม สอบถามข้อมูลสมาชิก และกล่าวขอบคุณลูกค้าทุกครั้ง

• สอดส่องป้องกันการสูญเสีย โดยการตรวจสอบสินค้าในบรรจุภัณฑ์และการสลับป้ายราคา

• บริหารจัดการลิ้นชักเก็บเงินและรับผิดชอบความถูกต้องของยอดเงินชำระประจำกะ

• ดำเนินการถ่ายเทสินค้าข้ามรถเข็นทุกครั้งระหว่างการสแกนเพื่อป้องกันความผิดพลาด

• รักษาความสะอาดและจัดเตรียมอุปกรณ์ ณ จุดชำระเงิน (Till) ให้พร้อมใช้งาน

• แจ้งหัวหน้างานเพื่อขอสนับสนุนทันทีหากพบว่ามีคิวลูกค้ารอเกิน 3 คิว","• มัธยมศึกษาตอนปลาย หรือเทียบเท่า

• มีประสบการณ์ด้านการรับชำระเงิน การขาย หรือการบริการลูกค้า

• มีความละเอียดรอบคอบ แม่นยำสูงด้านการคำนวณและจัดการเงินสด

• มีบุคลิกภาพเป็นมิตร สื่อสารได้ดี และรับมือกับลูกค้าได้หลากหลายรูปแบบ"
พนักงานผู้ช่วยแคชเชียร์,Cashier Helper,Staff,CASHIER_HELPER,1,0,cashier|helper,"• อำนวยความสะดวกแก่พนักงานแคชเชียร์โดยการถ่ายเทสินค้าข้ามรถเข็นเพื่อความรวดเร็ว

• ช่วยเหลือลูกค้าในการจัดเรียงและยกสินค้าที่มีน้ำหนักมากใส่ยานพาหนะหรือรถเข็น

• ดำเนินการตรวจสอบราคาหรือบาร์โค้ดในพื้นที่ขาย กรณีที่เครื่องสแกนไม่สามารถอ่านได้

• จัดการพื้นที่บริเวณจุดชำระเงินให้เป็นระเบียบ รวบรวมรถเข็น และเคลียร์ตะกร้าสินค้า

• ช่วยตรวจสอบกล่องหรือลังบรรจุภัณฑ์เพื่อป้องกันการซุกซ่อนสินค้าก่อนชำระเงิน

• อำนวยความสะดวกและแนะนำลูกค้าที่ซื้อสินค้าน้อยชิ้นไปยังช่องชำระเงินด่วน (Express Lane)

• ดำเนินการทำความสะอาดและดูแลความปลอดภัยบริเวณจุดชำระเงินทันทีเมื่อมีสิ่งปนเปื้อน","• มัธยมศึกษาตอนต้น ถึงตอนปลาย

• มีสภาพร่างกายแข็งแรง คล่องแคล่ว และกระตือรือร้นในการทำงาน

• มีใจรักงานบริการ พร้อมให้ความช่วยเหลือผู้อื่นเสมอ

• มีความละเอียดรอบคอบและสังเกตสิ่งผิดปกติได้ดี"
หัวหน้าแผนกบริการลูกค้าและประชาสัมพันธ์,Reception Supervisor,Supervisor,RECEPTION_SUPERVISOR,3,24,reception,"• กำกับดูแลและบริหารงานเคาน์เตอร์บริการลูกค้าและจุดประชาสัมพันธ์อย่างครบวงจร

• บริหารจัดการระบบการรับสมัครสมาชิก การดำเนินการคืนสินค้า และการคืนภาษีมูลค่าเพิ่ม (VAT Refund)

• รับฟัง บริหารจัดการข้อร้องเรียนของลูกค้า และประสานงานกับฝ่ายที่เกี่ยวข้องเพื่อแก้ไข

• ควบคุมยอดเงินรับคืน (Till Return) และบริหารเงินสดหมุนเวียนประจำวันของจุดบริการ

• อนุมัติและควบคุมการดำเนินการออกใบแทนใบกำกับภาษีอย่างถูกต้องตามกฎหมาย

• บริหารจัดการระบบกระจายเสียง (PA System) เพื่อแจ้งข้อมูลข่าวสารและโปรโมชั่น

• กำกับดูแลบริการรับฝากสัมภาระให้มีความปลอดภัยและเป็นระบบ","• มัธยมศึกษาตอนปลาย หรือ อนุปริญญา สาขาบริหารธุรกิจ

• มีประสบการณ์ด้านลูกค้าสัมพันธ์ (Customer Service) อย่างน้อย 2 ปี

• มีทักษะการสื่อสารที่ยอดเยี่ยม และสามารถควบคุมอารมณ์ภายใต้ความกดดันได้ดี

• มีวุฒิภาวะและความสามารถในการแก้ไขปัญหาเฉพาะหน้าอย่างมืออาชีพ"
พนักงานบริการลูกค้าและประชาสัมพันธ์,Reception Staff,Staff,RECEPTION_STAFF,3,12,reception,"• ปฏิบัติหน้าที่ให้ข้อมูลทางโทรศัพท์ และดำเนินการรับสมัครสมาชิกองค์กรให้แก่ลูกค้า

• ให้บริการออกใบกำกับภาษี ดำเนินการรับเปลี่ยนและคืนสินค้า รวมถึงการคืนภาษีนักท่องเที่ยว

• อำนวยความสะดวกในการรับฝากสัมภาระและกระจายข่าวสารผ่านระบบเสียงตามสาย

• จัดทำรายการยอดเงินคืน บริหารคูปองส่งเสริมการขาย และบันทึกคะแนนสะสมของลูกค้า

• ดำเนินการแก้ไขปัญหาที่เกี่ยวข้องกับสถานะบัตรสมาชิกและการจัดส่งสื่อการตลาด

• เป็นศูนย์กลางประสานงานระหว่างลูกค้ากับฝ่ายที่รับผิดชอบเรื่องสินค้าส่งซ่อมหรือสูญหาย

• อัปเดตและดูแลพื้นที่จัดแสดงข้อมูลส่งเสริมการขายหน้าร้าน (Makro Mail Board)","• มัธยมศึกษาตอนปลาย หรือ อนุปริญญา

• มีประสบการณ์งานลูกค้าสัมพันธ์ คอลเซ็นเตอร์ หรืองานบริการ 1 ปีขึ้นไป

• มีความละเอียดรอบคอบด้านงานเอกสารการเงิน บุคลิกภาพอบอุ่น และยิ้มแย้ม

• มีทักษะการแก้ปัญหาและพร้อมให้บริการด้วยความสุภาพ"
พนักงานจุดแลกของสมนาคุณ,Premium Staff,Staff,PREMIUM_STAFF,3,0,premium,"• ให้บริการแจกหรือแลกของสมนาคุณแก่ลูกค้าตามเงื่อนไขรายการส่งเสริมการขายที่กำหนด

• ดำเนินการเบิกจ่าย ตรวจนับ และจัดเก็บสินค้าของแถมให้ครบถ้วนและปลอดภัย

• บันทึกรายละเอียดการตัดสต็อกสินค้าของแถมและรายการค้างจ่ายในระบบคอมพิวเตอร์

• ระงับรหัสสินค้าขายปกติ (Block) ไม่ให้ถูกสแกนเป็นของแถมเพื่อป้องกันสต็อกคลาดเคลื่อน

• บริหารจัดการปริมาณของแถมให้เพียงพอต่อความต้องการของลูกค้าในแต่ละวัน

• ประสานงานอัปเดตป้ายรายการส่งเสริมการขาย (โปรโมชั่น) ใหม่ทุกรอบกิจกรรม

• ดำเนินการโอนสถานะและจัดทำรายงานสรุปยอดสินค้าเมื่อสิ้นสุดรายการ","• มัธยมศึกษาตอนปลาย หรืออนุปริญญา สาขาบริหารธุรกิจ หรือสาขาที่เกี่ยวข้อง

• มีทักษะการคิดคำนวณที่ดี และมีความสามารถในการแก้ไขปัญหาเฉพาะหน้า

• มีใจรักงานบริการ (Service Mind) และสามารถรับมือกับลูกค้าที่หลากหลายได้

• มีความละเอียดรอบคอบในการจัดการเอกสารและควบคุมสต็อก"
พนักงานห้องปฏิบัติการเงินสด,Cash Room Staff,Staff,CASH_ROOM_STAFF,1,0,cash|room,"• รวบรวมเงินรายได้จากจุดชำระเงิน (แคชเชียร์) นำเข้าสู่ห้องปฏิบัติการเงินสดอย่างปลอดภัย

• ดำเนินการตรวจนับและกระทบยอดเงินสดเทียบกับรายงานการขาย (ตรวจสอบยอดขาด-เกิน)

• จัดเตรียมถุงเงิน แยกชนิดธนบัตร และสรุปยอดเพื่อนำส่งฝากธนาคาร

• กำกับดูแลความปลอดภัยขั้นสูงสุดของตู้เซฟเก็บเงินและอุปกรณ์รักษาความปลอดภัย

• ดำเนินการปิดผนึกถุงเงิน (Seal) และบันทึกหมายเลขต่อหน้าพนักงานแคชเชียร์

• สรุปยอดขายประจำวันเปรียบเทียบกับรายงานเครื่อง POS (X-READ / Z-READ)

• ควบคุมการเข้าออกห้องปฏิบัติการเงินสด (จำกัดเฉพาะผู้มีอำนาจเท่านั้น)","• (คุณสมบัติตามที่บริษัทกำหนด มักเป็นบุคลากรที่มีความน่าเชื่อถือสูง)

• มีความซื่อสัตย์สุจริตขั้นสูงสุด และปฏิบัติตามกฎระเบียบอย่างเคร่งครัด

• มีความละเอียดแม่นยำสูงในการคำนวณเงินและการจัดทำบัญชีเงินสด

• สามารถรักษาความลับและมาตรฐานความปลอดภัยด้านการเงินได้ดีเยี่ยม"
ผู้จัดการแผนกทรัพยากรบุคคล,HR Manager,Manager,HR_MANAGER,3,60,hr,"• บริหารจัดการงานทรัพยากรบุคคล การสรรหาบุคลากร และดูแลสวัสดิการพนักงานภายในสาขา

• ทำหน้าที่เป็นตัวกลางในการสื่อสารและประสานงานระหว่างผู้บริหารระดับสูงและบุคลากร

• กำกับดูแลความสอดคล้องทางกฎหมายแรงงาน รับเรื่องร้องเรียน และบริหารงานแรงงานสัมพันธ์

• วางแผน จัดกิจกรรมฝึกอบรม และส่งเสริมสภาพแวดล้อมรวมถึงความปลอดภัยในการทำงาน (คปอ.)

• บริหารจัดการเพื่อแก้ไขปัญหาความขัดแย้งและพัฒนาความผูกพันของบุคลากร (Lovemark)

• สนับสนุนการจัดตั้งและดำเนินงานของคณะกรรมการสวัสดิการลูกจ้างภายในสาขา

• วางแผนการเติบโตในสายอาชีพและสนับสนุนการพัฒนาศักยภาพบุคลากรอย่างยั่งยืน","• ปริญญาตรี สาขาบริหารทรัพยากรบุคคล การจัดการ รัฐศาสตร์ หรือสาขาที่เกี่ยวข้อง

• มีประสบการณ์ระดับผู้จัดการในสายงานบริหารทรัพยากรบุคคล 5 ปีขึ้นไป

• มีทัศนคติเชิงบวก มีความเป็นธรรม และมีทักษะการเจรจาไกล่เกลี่ยที่ดีเยี่ยม

• มีความรู้ความเชี่ยวชาญเชิงลึกในกฎหมายแรงงานและระบบการจัดการบุคลากร"
ผู้จัดการแผนกซ่อมบำรุงและอาคารสถานที่,GA Manager,Manager,GA_MANAGER,3,24,ga,"• วางแผนเชิงกลยุทธ์และควบคุมการซ่อมแซม บำรุงรักษาสิ่งอำนวยความสะดวกและอาคารสถานที่ของสาขา

• บริหารจัดการระบบวิศวกรรมหลัก อาทิ ระบบทำความเย็น เครื่องปรับอากาศ ระบบไฟฟ้า ประปา และเครื่องปั่นไฟ

• สรรหา คัดเลือก และประเมินคุณภาพผู้รับเหมา/ซัพพลายเออร์สำหรับการจ้างเหมางานซ่อมบำรุง (Outsource)

• กำกับดูแลมาตรฐานสิ่งแวดล้อม (การอนุรักษ์พลังงาน) ระบบสุขาภิบาล และการจัดการสัตว์พาหะรบกวน

• ตรวจสอบ อนุมัติ และควบคุมค่าใช้จ่ายด้านสาธารณูปโภค (บิลค่าน้ำ ค่าไฟฟ้า ค่าก๊าซ) รายเดือน

• จัดทำรายงานและแผนปฏิบัติการด้านการอนุรักษ์พลังงานเพื่อนำเสนอต่อกรมพัฒนาพลังงานทดแทนฯ

• บริหารแผนปฏิบัติการฉุกเฉินและระบบความปลอดภัยด้านวิศวกรรมของสาขา","• ปริญญาตรี สาขาวิศวกรรมเครื่องกล วิศวกรรมไฟฟ้า หรือสาขาที่เกี่ยวข้อง

• มีประสบการณ์ระดับบริหารในการควบคุมระบบทำความเย็นหรือซ่อมบำรุงอาคารพาณิชย์ 5 ปีขึ้นไป

• มีความสามารถในการวิเคราะห์ปัญหาวิศวกรรมและกำหนดแผนการซ่อมบำรุงเชิงป้องกัน

• มีทักษะในการเจรจาต่อรอง การประเมินราคาผู้รับเหมา และบริหารจัดการงบประมาณ"
หัวหน้าแผนกซ่อมบำรุงและอาคารสถานที่,GA Supervisor,Supervisor,GA_SUPERVISOR,3,12,ga,"• สนับสนุนผู้จัดการในการบริหารจัดการทีมช่าง และควบคุมแผนการซ่อมบำรุงและแก้ไขปัญหารายวัน

• ตรวจสอบและบำรุงรักษาระบบไฟฟ้า ระบบปั๊มน้ำดับเพลิง ถังดับเพลิง และระบบสัญญาณเตือนภัย

• กำกับดูแลและร่วมตรวจเช็คสภาพรถยกไฟฟ้า (Forklift) ร่วมกับพนักงานผู้ใช้งานเพื่อให้เกิดความปลอดภัย

• ดำเนินการจดบันทึกมิเตอร์น้ำ-ไฟฟ้า และควบคุมอุณหภูมิของห้องเย็น ตู้แช่ ให้เป็นไปตามมาตรฐาน

• ควบคุมและประเมินผลการปฏิบัติงานของผู้รับเหมาภายนอกขณะเข้ามาปฏิบัติงานในพื้นที่สาขา

• แก้ไขปัญหาซ่อมบำรุงเร่งด่วนรายวัน เช่น ไฟฟ้าขัดข้อง ท่อประปารั่วไหล ป้ายไฟชำรุด

• รับหน้าที่เป็นผู้บัญชาการเบื้องต้นในการจัดการระบบวิศวกรรมเมื่อเกิดเหตุฉุกเฉินหรือไฟดับ","• ประกาศนียบัตรวิชาชีพชั้นสูง (ปวส.) หรือ ปริญญาตรี สาขาวิศวกรรมไฟฟ้า/เครื่องกล

• มีประสบการณ์เชิงปฏิบัติการในฐานะช่างระบบทำความเย็น ระบบไฟฟ้า หรือช่างอาคาร 2-4 ปี

• มีความรู้ความเข้าใจในระบบควบคุมอัตโนมัติ (Automation Control Systems)

• มีความขยัน ซื่อสัตย์ และมีทักษะความเป็นผู้นำในการควบคุมงาน"
พนักงานช่างประจำแผนกซ่อมบำรุงและอาคารสถานที่,GA Staff,Staff,GA_STAFF,1,0,ga,"• ปฏิบัติงานทางเทคนิคในการซ่อมบำรุงระบบเครื่องปรับอากาศ เครื่องทำความเย็น ระบบไฟฟ้า และประปา

• เดินตรวจตราและบันทึกข้อมูลสภาพเครื่องจักรตาม Check List ประจำวัน (เช่น อุณหภูมิคอมเพรสเซอร์)

• ดำเนินการซ่อมแซมเบื้องต้นทั่วไป เช่น การเปลี่ยนหลอดไฟ ซ่อมแซมบันไดล้อเลื่อน หรือรถเข็นสินค้าที่ชำรุด

• ควบคุมและประสานงานทีมพนักงานทำความสะอาด (PCS) เพื่อดูแลสุขอนามัยรอบบริเวณอาคารสาขา

• ตรวจสอบระดับน้ำกลั่นและสภาพแบตเตอรี่ของรถยกสินค้าไฟฟ้าให้พร้อมใช้งาน

• ทดสอบระบบปั๊มน้ำดับเพลิง เครื่องกำเนิดไฟฟ้า และอุปกรณ์ตรวจจับควันตามวงรอบ

• อำนวยความสะดวกและสนับสนุนการแก้ไขปัญหาด้านสาธารณูปโภคเบื้องต้นให้แก่ร้านค้าเช่าในสาขา","• ประกาศนียบัตรวิชาชีพ (ปวช.) หรือเทียบเท่า ในสาขาช่างไฟฟ้ากำลัง ช่างแอร์ หรือช่างยนต์

• มีประสบการณ์และทักษะวิชาชีพด้านงานช่างซ่อมบำรุงอาคารพาณิชย์หรือโรงงาน

• มีความอดทนสู้งาน ไม่รังเกียจการปฏิบัติงานที่ต้องใช้แรงกายหรืองานที่เปรอะเปื้อน

• ปฏิบัติตามมาตรฐานความปลอดภัยและสวมใส่อุปกรณ์ป้องกัน (PPE) อย่างเคร่งครัด"
ผู้จัดการแผนกป้องกันความสูญเสีย,LP Manager,Manager,LP_MANAGER,3,24,lp,"• บริหารจัดการแผนกป้องกันความสูญเสียเพื่อปกป้องสินทรัพย์ขององค์กรและดูแลความปลอดภัย

• สอบสวนและจัดการกรณีทุจริต การโจรกรรมของพนักงานและลูกค้าอย่างเป็นระบบ

• พัฒนาระบบรักษาความปลอดภัย ตรวจสอบกล้องวงจรปิด (CCTV) และระบบเตือนภัย

• ประสานงานกับหน่วยงานงานราชการ (เช่น ตำรวจ) และทำงานร่วมกับฝ่ายบริหารเพื่อลดการสูญเสีย

• กำหนดกลยุทธ์ป้องกันภัยคุกคามทั้งจากภายในและภายนอกองค์กร

• ปฏิบัติการลาดตระเวนสโตร์ทั้งในและนอกเครื่องแบบเพื่อเฝ้าระวัง

• กำกับดูแลและบริหารทีมงานรักษาความปลอดภัย พนักงานตรวจสอบ และพนักงานต้อนรับ","• ปริญญาตรี สาขานิติศาสตร์ รัฐศาสตร์ หรือสาขาที่เกี่ยวข้อง

• มีประสบการณ์ด้านการป้องกันความสูญเสียในธุรกิจค้าปลีก 2 ปีขึ้นไป

• มีทักษะการสืบสวน การซักถาม และมีจรรยาบรรณวิชาชีพระดับสูง

• สามารถเก็บรักษาความลับขององค์กรได้อย่างดีเยี่ยมและมีความเป็นกลาง"
หัวหน้าแผนกป้องกันความสูญเสีย,LP Supervisor,Supervisor,LP_SUPERVISOR,1,24,lp,"• สนับสนุนผู้จัดการในการกำกับดูแลพนักงานป้องกันความสูญเสียและพนักงานรักษาความปลอดภัย

• สังเกตการณ์พฤติกรรมต้องสงสัยและดำเนินการกักตัวผู้ต้องสงสัยตามหลักกฎหมาย

• ตรวจสอบความเรียบร้อยของการล็อคประตูและอาคารสถานที่หลังเวลาทำการ

• ตรวจสอบการรับ-ส่งสินค้าและตรวจสอบทรัพย์สินของพนักงานเพื่อป้องกันการทุจริตภายใน

• ควบคุมกระบวนการตรวจรับสินค้ารอบกลางคืน (Night Run) ให้มีความรัดกุม

• ตรวจสอบและบริหารจัดการระบบกำจัดขยะเพื่อป้องกันการซุกซ่อนสินค้า

• ป้องกันเหตุร้ายและดูแลความปลอดภัยของลูกค้าในบริเวณลานจอดรถ","• มัธยมศึกษาตอนปลาย หรือมีใบรับรองวิชาชีพด้านการรักษาความปลอดภัย

• มีประสบการณ์ด้านการรักษาความปลอดภัยในธุรกิจค้าปลีก 2 ปีขึ้นไป

• มีทักษะการเป็นผู้นำ และสามารถแก้ไขปัญหาเฉพาะหน้าได้ดี

• สามารถปฏิบัติงานแบบเข้ากะและปฏิบัติงานในช่วงเวลากลางคืนได้"
พนักงานประจำแผนกป้องกันความสูญเสีย,LP Staff,Staff,LP_STAFF,1,24,lp,"• ปฏิบัติการลาดตระเวนในพื้นที่ขายทั้งในและนอกเครื่องแบบเพื่อรักษาความปลอดภัย

• เฝ้าระวังพฤติกรรมต้องสงสัยผ่านระบบกล้องวงจรปิดและพื้นที่อับสายตา (Blind Spot)

• ตรวจสอบและตอบสนองต่อสัญญาณเตือนภัยตามประตูและช่องทางต่างๆ อย่างทันท่วงที

• จัดทำรายงานสรุปอุบัติเหตุหรือเหตุการณ์ผิดปกตินำเสนอต่อผู้บังคับบัญชา

• ประสานงานกับหน่วยงานราชการ (ตำรวจ/ดับเพลิง) ในกรณีเกิดเหตุฉุกเฉิน

• ปฏิบัติงานด้วยความรอบคอบโดยหลีกเลี่ยงการปะทะที่เสี่ยงต่ออันตราย

• ตรวจสอบพื้นที่จุดรับสินค้า (Loading Dock) อย่างใกล้ชิดเพื่อป้องกันการสูญหาย","• มัธยมศึกษาตอนปลาย หรือเทียบเท่าขึ้นไป

• มีประสบการณ์ด้านการรักษาความปลอดภัยอย่างน้อย 2 ปี

• มีไหวพริบ ช่างสังเกต และมีความซื่อสัตย์สุจริตขั้นสูง

• มีความรู้ความเข้าใจพื้นฐานในการจัดทำรายงานการสืบสวน"
พนักงานตรวจสอบสินค้า,Checker,Staff,CHECKER,1,0,checker,"• ตรวจสอบความถูกต้องของสินค้าเปรียบเทียบกับใบเสร็จรับเงินก่อนลูกค้าออกจากสาขา

• สุ่มตรวจสอบสินค้าที่อาจมีการซุกซ่อนหรือสินค้าที่มีมูลค่าสูงที่ยังไม่ได้ชำระเงิน

• ประทับตรา ""ตรวจแล้ว"" บนเอกสารเพื่อเป็นหลักฐานยืนยันความถูกต้องของการตรวจสอบ

• ตรวจสอบความถูกต้องของรายการสินค้าสมนาคุณ (ของแถม) ให้ตรงกับเอกสารคูปอง

• รายงานผู้จัดการประจำกะทันทีหากพบความพยายามในการทุจริตหรือขโมยสินค้า

• ปฏิบัติหน้าที่เป็นจุดตรวจสอบสุดท้ายเพื่อป้องกันความผิดพลาดของการสแกนแคชเชียร์

• ดูแลและสังเกตการณ์ระบบสัญญาณกันขโมยบริเวณประตูทางออก","• มัธยมศึกษาตอนปลาย หรือเทียบเท่า

• มีความซื่อสัตย์สุจริตและมีความละเอียดรอบคอบขั้นสูงสุด

• มีทักษะการสื่อสารที่สุภาพและสามารถทักท้วงลูกค้าได้อย่างมืออาชีพ

• มีใจรักการบริการและมีมนุษยสัมพันธ์ที่ดี"
เจ้าหน้าที่บริการลูกค้าออนไลน์ - O2O,O2O Customer Service Officer,Officer,O2O_CUSTOMER_SERVICE_OFFICER,1,0,o2o|customer|service,"ลักษณะงานหลัก (Core Responsibilities):

1. รับเรื่องและจัดการข้อร้องเรียน (Complaint Handling): รับทราบปัญหา และข้อร้องเรียนจากลูกค้าเกี่ยวกับบริการ OCS และ การสั่งซื้อสินค้าผ่านระบบ Online ของ บริษัท สยามแม็คโคร จำกัด (มหาชน)
2. ให้ข้อมูลและคำแนะนำ (Customer Support): ให้ข้อมูลลูกค้าเกี่ยวกับบริการ OCS รวมไปถึงวิธีการสั่งสินค้า ชำระเงิน และจัดส่งสินค้า
3. ประสานงานเพื่อแก้ไขปัญหา (Coordination & Problem Solving): ประสานงานหน่วยงานต่างๆ ทั้งภายใน และภายนอกสาขา เพื่อแก้ไขปัญหาต่างๆ ให้แก่ลูกค้า รวมทั้งประสานงานกับหน่วยงานต่างๆ ภายสโตร์ของแม็คโคร เพื่อสนับสนุนข้อมูล และแก้ปัญหาต่างๆ ให้แก่ลูกค้าผู้ใช้บริการ OCS ของบริษัท
4. จัดทำรายงาน (Reporting): จัดทำรายงานเกี่ยวกับปัญหา และข้อร้องเรียนต่างๆ ของสโตร์และรายงานต่อหัวหน้างาน รวมถึงหน่วยงานต่างๆ ที่เกี่ยวข้อง

คุณสมบัติบังคับ (Must-Have / Mandatory): (AI จะใช้ส่วนนี้ในการพิจารณา Pass/Fail)
1. วุฒิการศึกษา ระดับ มัธยม, ปริญญาตรี หรือเทียบเท่า
2. มีประสบการณ์ทำงานด้านบริการลูกค้า (Customer Service) อย่างน้อย 1 ปี
3. มีความสามารถในการสื่อสารภาษาไทยได้ดี
4. มีความสามารรถในการใช้คอมพิวเตอร์

คุณสมบัติพิจารณาพิเศษ (Nice-to-Have / Plus Score): (AI จะใช้ส่วนนี้บวกคะแนนให้สูงขึ้น)
1. มีความรู้เรื่องกระบวนการทำงาน OCS และมีความรู้เรื่องสินค้าประเภทต่างๆ ภายในสาขา   
2. มีทักษะในการแก้ปัญหา มีจิตใจบริการ และมีความฉลาดทางอารมณ์ (EQ)   
3. มีมนุษย์สัมพันธ์ และ สามารถประสานงานกับผู้อื่นได้เป็นอย่างดี   
4. ใช้ข้อมูลในการตัดสินใจได้เป็นอย่างดี มีความคิดสร้างสรรค์ และยอมรับการเปลี่ยนแปลง   
5. มีความรู้ด้านเอกสารทางการเงินเบื้องต้น การจัดทำรายงาน และความรู้เกี่ยวกับความปลอดภัยในการทำงาน 

คีย์เวิร์ดที่เกี่ยวข้อง (Keywords Match):
O2O Customer Service Officer, เจ้าหน้าที่บริการลูกค้าออนไลน์, Customer Service, OCS, Online Shopping, Complaint Handling, Problem Solving, Service Mind, EQ, Communication Skills, Store Operation,",
เจ้าหน้าที่ธุรการ - ส่วนงานสินค้าขาออก,Admin - OCS,Staff,ADMIN_OCS,1,0,ocs,"ลักษณะงานหลัก (Core Responsibilities):

1. การจัดการเอกสารและกระบวนการสั่งซื้อ (Order & Documentation Management): รับผิดชอบการจัดทำและตรวจสอบความถูกต้องของใบคำสั่งซื้อ (Order), ใบรับเงิน, ใบลดหนี้, ใบโอนย้ายสินค้า และใบเบิกสินค้า เพื่อส่งต่อให้ฝ่ายจัดการสินค้าขาออกดำเนินการได้อย่างถูกต้องตามรหัสสินค้าและปริมาณที่กำหนด
2. การวางแผนและควบคุมการปล่อยงาน (Planning & Workflow Release): วางแผน จัดเรียง และปล่อยงาน (Release Order) ให้กับเจ้าหน้าที่หยิบสินค้า (Picker) ในพื้นที่คลังสินค้า โดยคำนึงถึงลำดับความสำคัญและเวลาในการจัดส่งสินค้าให้กับลูกค้าตามนัดหมาย
3. การบริหารข้อมูลและจัดทำรายงาน (Data Management & Reporting): รวบรวมข้อมูล จัดทำตารางและรายงานสรุปยอดคำสั่งซื้อรายวัน ทั้งในด้านวันที่ เวลา และมูลค่าสินค้า รวมถึงรายงานปัญหาหน้างานที่พบต่อผู้บังคับบัญชาเพื่อการปรับปรุงกระบวนการ
4. การประสานงานและสนับสนุนงานในคลังสินค้า (Operation Coordination & Support): ประสานงานร่วมกับแผนกต่างๆ ภายในคลังสินค้าเพื่อยืนยันวันและเวลาจัดส่งเบื้องต้น พร้อมทั้งดูแลและให้คำปรึกษาเบื้องต้นเกี่ยวกับการใช้งานอุปกรณ์อิเล็กทรอนิกส์และระบบต่างๆ ภายในแผนก
5. การควบคุมคุณภาพและมาตรฐาน (Quality & Compliance Control): ตรวจสอบความถูกต้องของชนิด ปริมาณ และคุณภาพของสินค้าให้ตรงตามมาตรฐานบริษัท ตลอดจนดูแลความปลอดภัยในการทำงาน (Safety) และกระบวนการตรวจนับสต๊อกสินค้า (Stock Counting)

คุณสมบัติบังคับ (Must-Have / Mandatory): (AI จะใช้ส่วนนี้ในการพิจารณา Pass/Fail)
1. สำเร็จการศึกษาระดับปริญญาตรี หรือ ประกาศนียบัตรวิชาชีพชั้นสูง (ปวส.) ขึ้นไป ในสาขาที่เกี่ยวข้อง
2. ต้องมีประสบการณ์การทำงานที่เกี่ยวข้องกับงานคลังสินค้า (Warehouse) อย่างน้อย 1 ปีขึ้นไป
3. มีทักษะความสามารถในการใช้คอมพิวเตอร์และโปรแกรมสำนักงาน (MS Office) ในระดับกลาง
4. มีความรู้พื้นฐานด้านภาษาอังกฤษ (Basic English) ที่จำเป็นต่อการปฏิบัติงาน

คุณสมบัติพิจารณาพิเศษ (Nice-to-Have / Plus Score): (AI จะใช้ส่วนนี้บวกคะแนนให้สูงขึ้น)
1. มีความรู้ความเข้าใจในกระบวนการบัญชีเบื้องต้น เช่น การจัดทำรายงานการขายในเชิงบัญชี
2. มีความเชี่ยวชาญในระบบการจัดการคลังสินค้า (WMS) หรือระบบที่เกี่ยวข้องกับการบริหารจัดการคำสั่งซื้อ
3. มีทักษะในการแก้ปัญหาเฉพาะหน้าและมีหลักการในการตัดสินใจโดยอิงจากข้อมูล (Data-Driven Decision Making)
4. มีทักษะการสื่อสารและการประสานงานที่ดีเยี่ยม สามารถทำงานภายใต้ความกดดันและข้อจำกัดด้านเวลาได้
5. มีความรู้เรื่อง Store Process Training และวิธีการตรวจนับสต๊อกสินค้าที่มีประสิทธิภาพ

คีย์เวิร์ดที่เกี่ยวข้อง (Keywords Match):
Admin OCS, Warehouse Admin, Order Management, Documentation, Invoicing, Release Order, Stock Counting, Warehouse Safety, Report Analysis, Operation Coordination, Inventory Control, In-bound/Out-bound Documentation, Store Process, CP Axtra, Makro Operations",
หัวหน้างานบริหารการจัดเตรียมสินค้า,Supervisor - Fulfillment,Supervisor,SUPERVISOR_FULFILLMENT,2,12,fulfillment,"ลักษณะงานหลัก (Core Responsibilities):

1. ควบคุมและบริหารกระบวนการ Fulfillment (Fulfillment Operations Control): รับผิดชอบในการควบคุมกระบวนการรับ, หยิบ, แพ็ค และเตรียมคำสั่งซื้อ รวมถึงการจัดทำสลิปการบรรจุสำหรับการจัดส่งตามที่ได้รับมอบหมาย โดยให้ความสำคัญกับการปรับปรุงความเร็ว ความแม่นยำ การส่งมอบให้ตรงเวลา คุณภาพการบริการ และค่าใช้จ่ายในการดำเนินการ   
2. เพิ่มประสิทธิภาพการหยิบและบรรจุ (Picking & Packing Efficiency): บริหารจัดการการหยิบและการบรรจุให้มีประสิทธิภาพสูงสุด โดยต้องจัดระเบียบและระบุไว้อย่างชัดเจน   
3. บริหารจัดการและเติมเต็มสต๊อกสินค้า (Inventory Replenishment): บริหารจัดการการเติมสต๊อกสินค้าในแต่ละจุดเป็นประจำ รวมถึงจัดการเติมเต็มสต็อคและเตรียมสต็อคสินค้าให้พร้อมอย่างสม่ำเสมอ
4. บริหารทีมงานและพื้นที่ปฏิบัติงาน (Team & Area Management): บริหารจัดการแผนกตามช่วงเวลาที่ได้รับมอบหมายโดยหัวหน้างาน พร้อมทั้งดูแลความปลอดภัยและความสะอาดของสภาพแวดล้อมการทำงาน ตรวจสอบให้แน่ใจว่ากิจกรรมและขั้นตอนทั้งหมดในคลังสินค้าเป็นไปตามมาตรฐาน   
5. ดูแลระบบปฏิบัติการ (System Management): ดูแลและจัดการระบบ O2O fulfilment operation system ให้อยู่ในสถานะพร้อมใช้งาน

คุณสมบัติบังคับ (Must-Have / Mandatory): (AI จะใช้ส่วนนี้ในการพิจารณา Pass/Fail)
1. สำเร็จการศึกษาระดับปริญญาตรีในสาขาโลจิสติกส์ ห่วงโซ่อุปทาน หรือสาขาที่เกี่ยวข้อง หรือ จบการศึกษาระดับมัธยมศึกษาตอนปลายแต่มีประสบการณ์ทำงานด้านการจัดการคลังสินค้าหรือที่เกี่ยวข้อง 2 ปีขึ้นไป
2. มีความรู้ด้านการจัดการคลังสินค้า รวมถึงการใช้งานเครื่องมือหรือเครื่องจักรในคลัง   
3. สามารถปฏิบัติงานเป็นกะได้ ทั้งช่วงเวลากลางวันและกลางคืน   
4. สามารถทำงานล่วงเวลาได้   

คุณสมบัติพิจารณาพิเศษ (Nice-to-Have / Plus Score): (AI จะใช้ส่วนนี้บวกคะแนนให้สูงขึ้น)
1. มีความสามารถหรือมีใบอนุญาตในการขับรถยกและรถลากพาเลท   
2. มีสภาพร่างกายที่แข็งแรง มีความสามารถในการหยิบหรือยกของหนักได้   

คีย์เวิร์ดที่เกี่ยวข้อง (Keywords Match):
Supervisor Fulfillment, Warehouse Management, Picking and Packing, Inventory Replenishment, O2O Fulfillment Operation System, Logistics, Supply Chain, Shift Work, Forklift, Pallet Jack, Safety Standard, Cost Control, SLA, CP Axtra, Makro",
เจ้าหน้าที่ธุรการส่วนบริหารคำสั่งซื้อออนไลน์,Staff 2 – Admin O2O Operation,Staff,STAFF_2_ADMIN_O2O_OPERATION,1,0,o2o|operation,"ลักษณะงานหลัก (Core Responsibilities):
1. การจัดการคำสั่งซื้อ (Order Processing): รับ จัดลำดับความสำคัญ ประมวลผลคำสั่งซื้อของลูกค้า และปล่อยคำสั่งซื้อตามระบบ ใช้แพลตฟอร์มของบริษัทเพื่อค้นหา ดำเนินการ และดึงคำสั่งซื้อสำหรับการหยิบสินค้าตามรอบ   
2. การวางแผนและจัดกลุ่มงาน (Task Grouping & Release): รับผิดชอบในการจัดกลุ่มใบคำสั่งซื้อ และปล่อยคำสั่งซื้อให้กับพนักงานในการไปหยิบสินค้า รวมถึงจัดกลุ่มออเดอร์ให้ picker สามารถหยิบสินค้าตามรอบต่างๆ   
3. การจัดการข้อมูลและการประสานงานลูกค้า (Data Management & Customer Coordination): บันทึกและปรับปรุงข้อมูลให้มีความถูกต้อง กรณีมีการเปลี่ยนแปลงคำสั่งซื้อ ซึ่งอาจรวมถึงการโทรหาลูกค้าเพื่อยืนยันคำสั่งซื้อ   
4. การจัดการเอกสาร (Documentation & Verification): ตรวจสอบความถูกต้องของเอกสารที่เกี่ยวข้อง เช่น ใบคำสั่งซื้อ ใบแจ้งหนี้ ดูแลงานเอกสารและประสานงานกับลูกค้าเพื่อให้มั่นใจว่าใบคำสั่งซื้อมีความถูกต้อง ตลอดจนรับผิดชอบงานเอกสารและงานธุรการอื่นๆ ที่จำเป็น   

คุณสมบัติบังคับ (Must-Have / Mandatory): (AI จะใช้ส่วนนี้ในการพิจารณา Pass/Fail)\
1. สำเร็จการศึกษาระดับอนุปริญญาหรือปริญญาตรีสาขาบัญชี,การบริหารธุรกิจ   มีประสบการณ์การบริหารสำนักงาน 1 ปี   
2. มีทักษะคอมพิวเตอร์ที่ดีเยี่ยม - อีเมล, Excel ระดับสูง, Word, อินเทอร์เน็ต   
3. เป็นผู้สื่อสารในการใช้โทรศัพท์อย่างดีเยี่ยม   
4. มีความเร็วและความแม่นยำในการพิมพ์   
5. สามารถทำงานได้ดีภายใต้แรงกดดันและในสภาพแวดล้อมที่ยุ่ง   
6. สามารถทำงานล่วงเวลาเมื่อจำเป็น   

คุณสมบัติพิจารณาพิเศษ (Nice-to-Have / Plus Score): (AI จะใช้ส่วนนี้บวกคะแนนให้สูงขึ้น)
1. มีประสบการณ์ในการติดต่อลูกค้าหรือประสบการณ์ทำงานในตำแหน่งที่คล้ายกัน   
2. มีความรู้ทั่วไปเกี่ยวกับกระบวนการทางการเงิน และระบบบัญชี   
3. สามารถคำนวณตัวเลขอย่างรวดเร็วและแม่นยำ   
4. เป็นผู้ที่ใส่ใจในรายละเอียด   

คีย์เวิร์ดที่เกี่ยวข้อง (Keywords Match):Admin O2O Operation, Order Processing, Picker Coordination, Data Entry, Excel Advanced, Documentation, Customer Coordination, Fast Typing, Office Administration, CP Axtra, Makro",
เจ้าหน้าที่ธุรการส่วนงานจัดส่งสินค้า,Staff 2 – Admin Delivery,Staff,STAFF_2_ADMIN_DELIVERY,1,0,delivery,"ลักษณะงานหลัก (Core Responsibilities):
1. การจัดการและประสานงานคนขับรถ (Driver Management & Communication): จัดการประสิทธิภาพของผู้ขับ ผู้รับจ้าง และ/หรือผู้ให้บริการ พร้อมทั้งสื่อสารข้อมูลการขนส่ง คำสั่งซื้อ และให้คำแนะนำการทำงานที่ชัดเจนแก่ผู้ขับขี่ รวมถึงประสานงานและแก้ไขปัญหาต่างๆ ที่พบเจอระหว่างการจัดส่งสินค้าให้กับลูกค้า   
2. การดูแลและวางแผนเส้นทาง (Routing Optimization & Oversight): ดูแลการกำหนดเส้นทางแบบวันต่อวันเพื่อเพิ่มประสิทธิภาพและการบริการลูกค้า ตลอดจนตรวจสอบให้แน่ใจว่าอุปกรณ์พร้อมใช้งาน โดยดูแลการขนส่งจากทั้งลูกค้าออนไลน์และออฟไลน์   
3. การจัดการคิวและโหลดสินค้า (Queue & Load Management): จัดคิวรถขนส่งให้เข้ามารับงานในช่วงเวลาที่กำหนด ตรวจสอบความพร้อมของพนักงานขนส่ง ในด้านการแต่งกาย ความสะอาด และความพร้อมในการทำงาน รวมถึงจัดเตรียมลำดับคำสั่งซื้อที่พร้อมจัดส่งตามรอบให้กับพนักงานโหลดสินค้า เพื่อปล่อยขึ้นรถขนส่ง   
4. การจัดการข้อมูลและเอกสาร (Data & Document Tracking): บันทึกรายการรายวันของรถบรรทุกและคนขับที่ได้รับมอบหมายทั้งหมด เพื่อให้มั่นใจว่ามีการใช้ประโยชน์สูงสุด และตรวจสอบให้แน่ใจว่าผู้ขับ ผู้รับเหมา หรือผู้ให้บริการ ทำเอกสารที่ต้องการอย่างครบถ้วน   

คุณสมบัติบังคับ (Must-Have / Mandatory): (AI จะใช้ส่วนนี้ในการพิจารณา Pass/Fail)
1. สำเร็จการศึกษาระดับอนุปริญญาหรือปริญญาตรีสาขาซัพพลายเชนหรือสาขาโลจิสติกส์   
2. มีประสบการณ์การขนส่ง 1-3 ปี   
3. ต้องมีความรู้คอมพิวเตอร์เกี่ยวข้องกับการใช้ซอฟต์แวร์คอมพิวเตอร์สำหรับการกำหนดเวลาและตรวจสอบผู้ขับ และมีความเชี่ยวชาญในโปรแกรม Excel, Word   
4. มีความสามารถในการรับรู้และสื่อสารกับหัวหน้างาน และต้องมีทักษะการฟังและการสื่อสารที่ดีเยี่ยม รวมถึงมีความสามารถในการรับฟังคำสั่งซื้อของลูกค้าและส่งผ่านข้อมูลเดียวกันไปยังผู้ขับขี่ได้อย่างถูกต้อง   
5. สามารถทำงานหลายอย่างและจัดลำดับความสำคัญได้อย่างมีประสิทธิภาพโดยไม่ทำผิดพลาด   

คุณสมบัติพิจารณาพิเศษ (Nice-to-Have / Plus Score): (AI จะใช้ส่วนนี้บวกคะแนนให้สูงขึ้น)
1. มีทักษะการอ่านแผนที่ที่ดีและความสามารถในการใช้อุปกรณ์ GPS ในการทำแผนที่และกำหนดเส้นทางสำหรับการเคลื่อนไหวของผู้ขับขี่ รวมถึงมีความรู้ที่กว้างขวางเกี่ยวกับการวางแผนเส้นทาง   
2. สามารถทำงานในสภาพแวดล้อมที่มีแรงดันสูง (Under pressure) ได้   
3. เต็มใจที่จะทำงานแบบยืดหยุ่นรวมถึงการทำงานในวันหยุดสุดสัปดาห์ วันหยุดนักขัตฤกษ์ และการทำงานล่วงเวลาเพื่อตอบสนองความต้องการของลูกค้า   

คีย์เวิร์ดที่เกี่ยวข้อง (Keywords Match):Admin Delivery, Logistics, Supply Chain, Routing Planning, GPS, Driver Management, Fleet Coordination, Dispatcher, Issue Resolution, Excel, Delivery Documentation",
หัวหน้างานบริหารการจัดส่งสินค้า,Supervisor - Last Mile,Supervisor,SUPERVISOR_LAST_MILE,2,12,last|mile,"ลักษณะงานหลัก (Core Responsibilities):
1. การวางแผนและบริหารการจัดส่ง (Routing & Delivery Management): รับผิดชอบในการบริหารจัดการ การวางแผนเส้นทางขนส่ง และช่วงเวลาในการจัดส่งสินค้า ของพนักงานขนส่งให้ทันตามวันและเวลาที่ลูกค้ากำหนด โดยคำนึงถึงเรื่องความคุ้มค่า และความปลอดภัยที่สุดในการปฏิบัติงาน รวมถึงการบริหารจัดการวางแผนการขนส่ง ให้มีประสิทธิภาพสูงสุดในการทำงาน ทั้งในเรื่องของเส้นทาง ระยะทาง ช่วงเวลาจัดส่งและ ปริมาณงานของพนักงานขนส่ง   
2. การมอบหมายงานและจัดเรียงสินค้า (Task Assignment & Load Planning): วางแผนการมอบงานให้แก่ทั้งบริษัทขนส่ง และ พนักงานขนส่ง ได้อย่างเหมาะสม ตลอดจนการบริหารจัดการวางแผนการจัดเรียงสินค้าขึ้นรถขนส่งให้เหมาะสมและคุ้มค่าที่สุด   
3. การประสานงานและควบคุมคุณภาพ (Coordination & Quality Control): ประสานงานกับบริษัทขนส่ง ในการสื่อสารและแก้ไขปัญหาต่างๆที่เกิดขึ้น รวมทั้งดูแลและตรวจสอบเวลาการออกเดินทางของคนขับ จัดทำรายงานการตรวจสอบคุณภาพของการตรงต่อเวลา   
4. การวิเคราะห์ข้อมูลและรายงาน (Data Analysis & Reporting): วิเคราะห์ข้อมูล รวบรวม และจัดทำรายงานเพื่อวัดประสิทธิภาพของระบบการขนส่งโดยรวม และสนับสนุนการทำงานของฝ่าย Operation   
5. การบริหารทีมและกฎระเบียบ (Team & Compliance Management): บริหารจัดการแผนกขนส่งตามช่วงเวลาที่ได้รับมอบหมายโดยหัวหน้างาน และตรวจสอบการปฏิบัติงานให้เป็นไปตามบริษัทและสอดคล้องกับกฎหมาย   

คุณสมบัติบังคับ (Must-Have / Mandatory): (AI จะใช้ส่วนนี้ในการพิจารณา Pass/Fail)
1. สำเร็จการศึกษาระดับปริญาตรีสาขาโลจิสติกส์ ห่วงโซ่อุปทาน หรือสาขาที่เกี่ยวข้อง หรือสำเร็จการศึกษาระดับมัธยมศึกษาตอนปลาย หรือประสบการณ์ทำงานในด้านการขนส่ง โลจิสติกส์ ห่วงโซ่อุปทาน 2 ปีขึ้นไป   
2. มีความรู้ด้านการคมนาคม เส้นทางการเดินรถ ตลอดจนความรู้ด้านกฎระเบียบในการขนส่งและคมนาคม   
3. มีความสามารถด้านคอมพิวเตอร์ในระดับเบื้องต้น   
4. มีความสามารถในการสื่อสารที่ดี ทั้งการพูดและการเขียน   
5. สามารถทำงานเป็นกะ ทั้งช่วงเวลากลางวันและกลางคืนได้   
7. มีความสามารถในการทำงานอย่างมีประสิทธิภาพภายใต้ความกดดัน   

คุณสมบัติพิจารณาพิเศษ (Nice-to-Have / Plus Score): (AI จะใช้ส่วนนี้บวกคะแนนให้สูงขึ้น)
1. มีประสบการณ์ด้านการขนส่งและการจัดการลูกค้า 2 ปีขึ้นไป และมีทักษะการจัดการความสัมพันธ์กับลูกค้า   

คีย์เวิร์ดที่เกี่ยวข้อง (Keywords Match):
Supervisor Last Mile , โลจิสติกส์ , ห่วงโซ่อุปทาน , การขนส่ง , เส้นทางการเดินรถ , กฎระเบียบในการขนส่ง, Routing Planning, Fleet Management, 3PL Coordination",
พนักงานหยิบสินค้า,Picker,Staff,PICKER,1,0,picker,"ลักษณะงานหลัก (Core Responsibilities):
1. การหยิบและจัดเตรียมสินค้า (Picking & Packing): ทำหน้าที่หยิบสินค้าและจัดชุดสินค้าตามรายการคำสั่งซื้อ ตลอดจนดูแลรับผิดชอบในส่วนงานการจัดสินค้าตามคำสั่งซื้อของลูกค้า ประกอบด้วยการ ตรวจคุณภาพ จำนวน และความถูกต้องของบรรจุภัณฑ์   
2. การตรวจสอบคุณภาพ (Quality Control): ตรวจสอบรายการสินค้าตามคำสั่งซื้อและคุณภาพสินค้าก่อนหยิบโดยให้แน่ใจว่า สินค้าอยู่ในสภาพสมบูรณ์   
3. การบริหารจัดการสินค้าขาดและการโอนย้าย (Stock Transfer & Shortage Handling): ทำหน้าที่โอนย้ายสินค้าจากสาขาใกล้เคียงเพื่อให้ตอบสนองความต้องการของลูกค้าได้อย่างรวดเร็ว และมีคุณภาพ รวมถึงทำงานร่วมกับแผนกต่างๆ ภายในสาขาเช่น แจ้งประสานงานหากพบสินค้าขาดสต๊อกหรือ สินค้าอยู่ในสภาพไม่สมบูรณ์ และประสานงานกับเจ้าหน้าที่ธุรการเมื่อพบสินค้าขาดเพื่อให้ประสานงานกับแผนกที่ดูแลและแจ้งลูกค้าเพื่อทราบต่อไป   
4. การรายงานผล (Reporting): รวบรวมข้อมูล ปัญหาในการทำงาน และรายงานต่อผู้บังคับบัญชา   

คุณสมบัติบังคับ (Must-Have / Mandatory): (AI จะใช้ส่วนนี้ในการพิจารณา Pass/Fail)
1. วุฒิการศึกษา ระดับ มัธยมศึกษาปีที่ 6 / ปวช. หรือเทียบเท่า  
2. มีประสบการณ์การทำงานเกี่ยวกับคลังสินค้า อย่างน้อย 1 ปี   

คุณสมบัติพิจารณาพิเศษ (Nice-to-Have / Plus Score): (AI จะใช้ส่วนนี้บวกคะแนนให้สูงขึ้น)
1. มีความรู้เรื่องวิธีการตรวจสอบคุณภาพสินค้า ความรู้เกี่ยวกับสินค้าประเภทต่างๆ และการดูแลรักษาคุณภาพสินค้า   
2. เข้าใจวิธีการสต๊อคสินค้าแบบ FIFO และวิธีการนับสต๊อค   
3. ผ่านการอบรมด้าน Store process training และมีความรู้ด้านความปลอดภัยในการทำงาน   
4. มีความละเอียดรอบคอบ มีทักษะในการแก้ปัญหา และใช้หลักเหตุและผลในการทำงาน   
5. มีทักษะด้านการทำงานเป็นทีม การประสานงาน และสามารถสื่อสารกับผู้อื่นได้อย่างดี   

คีย์เวิร์ดที่เกี่ยวข้อง (Keywords Match):Picker, พนักงานหยิบสินค้า, Picking, Packing, ตรวจสอบคุณภาพสินค้า, Quality Control, FIFO, การนับสต๊อก, การโอนย้ายสินค้า, Store Process, คลังสินค้า",
พนักงานโหลดสินค้า,Loader,Staff,LOADER,1,0,loader,"ลักษณะงานหลัก (Core Responsibilities):
1. การจัดเตรียมและปล่อยสินค้า (Preparation & Loading): จัดเตรียมสินค้าตามคำสั่งซื้อที่พร้อมจัดส่งตามรอบที่พนักงานธุรการขนส่งจัดไว้ เพื่อปล่อยขึ้นรถขนส่ง รวมทั้งประสานงานกับพนักงานขนส่งเพื่อปล่อยสินค้าขึ้นรถตามลำดับและคิวงานที่ได้รับมอบหมาย   
2. การตรวจสอบความถูกต้อง (Verification & Control): ตรวจสอบความถูกต้องของหมายเลขและจำนวนบรรจุภัณฑ์ร่วมกับพนักงานขนส่ง ก่อนปล่อยขึ้นรถจนงานสำเร็จ และดูแลควบคุมการโหลดสินค้าให้ครบถ้วน เรียบร้อย เป็นไปตามระยะเวลาที่บริษัทกำหนด   
3. การตรวจสอบความพร้อมของรถและพนักงาน (Vehicle & Driver Check): ตรวจสอบความสะอาดของรถขนส่ง และความพร้อมของพนักงานขนส่ง   
4. การจัดการอุปกรณ์และภาชนะ (Equipment & Hygiene Management): ดูแลรักษาความสะอาดอุปกรณ์และภาชนะที่เกี่ยวกับการจัดส่ง ให้พร้อมใช้งานและมีจำนวนครบถ้วนตามที่บันทึกไว้   

คุณสมบัติบังคับ (Must-Have / Mandatory): (AI จะใช้ส่วนนี้ในการพิจารณา Pass/Fail)
1. วุฒิการศึกษาระดับ มัธยมศึกษา/ปวช. หรือเทียบเท่า   
2. มีวินัย ตรงต่อเวลา และสามารถทำงานในสภาวะกดดันได้ดี   
3. มีทักษะในการสื่อสาร และมีทักษะในการแก้ปัญหา   

คุณสมบัติพิจารณาพิเศษ (Nice-to-Have / Plus Score): (AI จะใช้ส่วนนี้บวกคะแนนให้สูงขึ้น)
1. มีประสบการณ์ทำงานในธุรกิจค้าปลีก ค้าส่ง อาหาร บริการ จะพิจารณาเป็นพิเศษ   
2. มีความรู้เกี่ยวกับข้อมูลสินค้าอาหารสด อาหารแห้ง และอุปกรณ์เครื่องใช้ภายในร้านอาหาร หรือสินค้าโชห่วย ขนม และน้ำ   
3. มีความรู้เกี่ยวกับวิธีการใช้อุปกรณ์และภาชนะที่ใช้ในการรักษาคุณภาพสินค้าตามการขนส่ง และมีความรู้เรื่องความปลอดภัยในการทำงาน   
4. มีทักษะในการควบคุมอารมณ์ที่ดี และใช้หลักเหตุผลในการทำงาน   

คีย์เวิร์ดที่เกี่ยวข้อง (Keywords Match):Loader, พนักงานโหลดสินค้า, จัดเตรียมสินค้า, โหลดสินค้า, จัดคิวรถ, ตรวจสอบบรรจุภัณฑ์, อุปกรณ์จัดส่ง, ค้าปลีกค้าส่ง, อาหารสด, ความปลอดภัยในการทำงาน, CP Axtra, Makro",
